airport_code,date,passenger_count,domestic_passengers,international_passenger
DEL,22-11-2025,23051,9810,13241
DEL,31-07-2025,33403,31589,1814
AMD,13-05-2025,14399,2662,11737
CCU,23-01-2025,8527,7691,836
GOI,24-08-2025,30584,24760,5824
MAA,06-06-2025,14248,3014,11234
CCU,21-10-2025,20599,15098,5501
GOI,25-06-2025,44807,40612,4195
MAA,27-09-2025,50990,36983,14007
GOI,09-06-2025,24715,20719,3996
PNQ,19-11-2025,18580,8181,10399
DEL,24-09-2025,29272,16437,12835
COK,18-01-2025,45456,31035,14421
PNQ,12-06-2025,37075,35219,1856
PNQ,05-08-2025,25932,15267,10665
BLR,04-10-2025,20360,19661,699
BLR,20-04-2025,52924,41569,11355
BOM,02-04-2025,6127,5506,621
BOM,15-09-2025,21344,9143,12201
CCU,10-11-2025,34869,33294,1575
BOM,15-07-2025,17230,4691,12539
COK,18-02-2025,18268,5710,12558
CCU,07-07-2025,46858,35967,10891
CCU,22-04-2025,31105,17863,13242
COK,30-11-2025,39125,26250,12875
DEL,16-01-2025,21221,15010,6211
GOI,01-09-2025,34802,32677,2125
MAA,30-04-2025,38783,32862,5921
BOM,01-02-2025,20576,17439,3137
HYD,28-07-2025,32153,30857,1296
HYD,16-11-2025,40308,36018,4290
HYD,21-09-2025,51752,40633,11119
DEL,11-08-2025,46781,40467,6314
DEL,14-05-2025,24604,15708,8896
DEL,08-04-2025,27284,25160,2124
PNQ,03-12-2025,29764,21763,8001
DEL,05-06-2025,25841,23541,2300
MAA,21-11-2025,25950,19155,6795
BOM,20-07-2025,21086,12655,8431
GOI,06-01-2025,53213,42074,11139
BLR,10-07-2025,12609,4145,8464
DEL,08-02-2025,22675,8931,13744
HYD,25-12-2025,37878,27453,10425
BLR,26-09-2025,25140,22548,2592
BOM,26-06-2025,56766,44512,12254
AMD,13-10-2025,44383,30286,14097
MAA,11-07-2025,13955,4992,8963
AMD,06-04-2025,19646,18553,1093
BOM,09-01-2025,47535,35252,12283
DEL,27-04-2025,24559,17821,6738
HYD,14-09-2025,35711,31188,4523
DEL,16-08-2025,49231,35705,13526
AMD,04-01-2025,23497,12199,11298
AMD,27-08-2025,46612,41484,5128
AMD,11-01-2025,14355,11453,2902
AMD,04-11-2025,32809,19434,13375
BOM,13-01-2025,40080,31902,8178
MAA,21-09-2025,37457,36663,794
BOM,08-04-2025,32674,24930,7744
GOI,01-03-2025,15249,14337,912
HYD,29-08-2025,39791,27462,12329
DEL,22-11-2025,34121,31296,2825
BOM,11-07-2025,46487,38472,8015
BLR,10-01-2025,52098,43840,8258
DEL,08-09-2025,35038,21872,13166
DEL,29-03-2025,53770,40518,13252
BLR,16-11-2025,30531,29045,1486
AMD,18-08-2025,41961,36042,5919
HYD,18-12-2025,24384,11635,12749
CCU,03-08-2025,32728,31901,827
DEL,28-09-2025,36698,23536,13162
PNQ,26-10-2025,45899,37956,7943
COK,26-09-2025,20426,12258,8168
DEL,19-04-2025,24764,23182,1582
BLR,27-10-2025,10549,2874,7675
BOM,24-12-2025,39745,34354,5391
PNQ,28-10-2025,48910,40847,8063
HYD,11-11-2025,40212,34014,6198
HYD,24-09-2025,9455,2295,7160
GOI,16-11-2025,37386,32971,4415
AMD,05-02-2025,10700,2640,8060
AMD,13-08-2025,21315,14831,6484
BLR,04-05-2025,42558,27920,14638
AMD,29-11-2025,38680,27359,11321
HYD,26-06-2025,47954,43141,4813
GOI,30-05-2025,28735,21308,7427
MAA,01-01-2025,51211,43082,8129
AMD,28-09-2025,39345,28052,11293
AMD,10-10-2025,16920,9467,7453
GOI,16-04-2025,51821,38184,13637
MAA,03-11-2025,23676,16634,7042
CCU,22-03-2025,23277,15752,7525
AMD,12-06-2025,32545,29287,3258
CCU,06-09-2025,22603,11414,11189
HYD,28-10-2025,47436,35789,11647
MAA,26-03-2025,35403,25275,10128
AMD,13-07-2025,44646,42339,2307
BLR,12-01-2025,40169,34840,5329
GOI,03-05-2025,35255,31793,3462
CCU,04-04-2025,28249,14705,13544
PNQ,02-09-2025,12891,12263,628
DEL,19-06-2025,21720,8773,12947
GOI,26-01-2025,27063,19173,7890
BLR,12-07-2025,37088,28812,8276
BOM,19-05-2025,25952,21237,4715
AMD,30-06-2025,15203,12034,3169
GOI,03-12-2025,15678,7527,8151
BLR,04-06-2025,31886,19463,12423
BOM,31-03-2025,19040,12644,6396
MAA,04-02-2025,45558,44475,1083
HYD,16-05-2025,14767,13544,1223
COK,19-07-2025,48876,43089,5787
AMD,10-02-2025,35551,25921,9630
COK,13-12-2025,45721,41633,4088
PNQ,20-02-2025,49159,34895,14264
HYD,27-10-2025,36329,24660,11669
BLR,01-12-2025,13334,4414,8920
AMD,23-07-2025,11259,7538,3721
DEL,28-12-2025,20164,10387,9777
BLR,08-11-2025,22594,15374,7220
BOM,19-08-2025,43325,36287,7038
PNQ,09-10-2025,49161,39491,9670
AMD,07-11-2025,47619,34474,13145
BOM,29-12-2025,28799,18459,10340
BLR,24-02-2025,4013,2391,1622
BOM,02-11-2025,23767,15119,8648
HYD,26-08-2025,48565,44229,4336
HYD,22-06-2025,43487,39464,4023
COK,07-09-2025,39905,30020,9885
PNQ,03-03-2025,34361,29205,5156
AMD,14-12-2025,17014,6987,10027
COK,30-04-2025,46228,33928,12300
CCU,16-07-2025,29957,22342,7615
COK,21-04-2025,39138,24755,14383
COK,01-09-2025,26242,16209,10033
COK,29-10-2025,46702,36353,10349
GOI,15-05-2025,38464,34129,4335
DEL,14-06-2025,12094,8681,3413
COK,19-06-2025,18568,10332,8236
GOI,27-01-2025,20559,19915,644
AMD,22-05-2025,14229,4239,9990
DEL,21-10-2025,51502,42468,9034
COK,02-04-2025,38689,28403,10286
AMD,06-06-2025,37789,27585,10204
BLR,09-07-2025,42188,28275,13913
AMD,13-08-2025,23472,12760,10712
BOM,25-12-2025,42316,37460,4856
AMD,16-09-2025,48342,33656,14686
MAA,07-08-2025,31822,29008,2814
COK,09-01-2025,26742,23168,3574
AMD,24-11-2025,6033,2920,3113
CCU,12-07-2025,10699,5093,5606
CCU,03-03-2025,5949,4118,1831
MAA,05-03-2025,34324,31438,2886
PNQ,22-09-2025,20690,9444,11246
HYD,20-11-2025,35505,33510,1995
DEL,23-12-2025,23620,16198,7422
PNQ,05-06-2025,32787,30447,2340
AMD,29-03-2025,54658,40425,14233
COK,09-02-2025,29778,23755,6023
GOI,31-07-2025,49804,44533,5271
MAA,07-08-2025,47739,39816,7923
HYD,15-02-2025,46991,33303,13688
PNQ,02-11-2025,32189,22583,9606
DEL,16-01-2025,14545,7604,6941
PNQ,04-07-2025,48614,38940,9674
GOI,10-02-2025,41918,41224,694
CCU,20-10-2025,8717,7894,823
HYD,31-08-2025,8796,2642,6154
GOI,11-06-2025,55530,43579,11951
CCU,03-07-2025,36171,32316,3855
AMD,01-10-2025,47347,42941,4406
BLR,05-01-2025,44537,35621,8916
BLR,18-05-2025,54499,42243,12256
COK,22-01-2025,37448,25562,11886
HYD,24-02-2025,40108,25640,14468
CCU,08-10-2025,30428,23368,7060
GOI,24-05-2025,5293,2802,2491
HYD,01-05-2025,9901,2782,7119
COK,09-02-2025,52136,41231,10905
GOI,26-12-2025,45048,42183,2865
BLR,01-01-2025,21136,15661,5475
MAA,02-06-2025,41893,31506,10387
DEL,04-03-2025,33156,31428,1728
PNQ,27-10-2025,17297,7358,9939
CCU,19-04-2025,43734,41042,2692
BOM,20-03-2025,15818,7600,8218
AMD,07-08-2025,21518,14694,6824
AMD,18-08-2025,43943,40818,3125
HYD,04-06-2025,8299,3787,4512
MAA,23-04-2025,53131,42168,10963
HYD,10-03-2025,29783,15579,14204
BLR,06-11-2025,35176,31107,4069
BOM,01-09-2025,22441,20976,1465
AMD,19-12-2025,35950,28058,7892
GOI,04-06-2025,46421,32848,13573
BLR,05-06-2025,31785,17330,14455
COK,22-10-2025,12335,5363,6972
MAA,29-10-2025,46566,40222,6344
DEL,30-09-2025,46957,33193,13764
PNQ,07-12-2025,52981,40261,12720
COK,26-02-2025,48119,37386,10733
BOM,04-09-2025,25552,18126,7426
CCU,14-05-2025,19636,12922,6714
BLR,16-09-2025,41018,32315,8703
PNQ,11-06-2025,33629,29626,4003
AMD,22-10-2025,22425,15631,6794
GOI,18-07-2025,50755,39156,11599
DEL,14-04-2025,24740,12484,12256
CCU,09-09-2025,30359,20434,9925
MAA,23-01-2025,28346,16673,11673
CCU,24-01-2025,40730,27838,12892
BOM,18-08-2025,43378,35476,7902
HYD,05-02-2025,23238,11071,12167
CCU,01-08-2025,6348,2557,3791
PNQ,14-09-2025,37695,24861,12834
HYD,14-09-2025,39218,34082,5136
BLR,10-07-2025,17395,3615,13780
BOM,15-11-2025,12584,9612,2972
MAA,30-04-2025,33023,28156,4867
BLR,27-04-2025,6866,4083,2783
CCU,25-09-2025,41764,40174,1590
GOI,19-04-2025,30479,19482,10997
COK,25-12-2025,21535,10168,11367
HYD,18-12-2025,47899,35645,12254
PNQ,21-11-2025,15978,14049,1929
AMD,01-09-2025,18022,5399,12623
BOM,02-12-2025,20005,6217,13788
COK,06-06-2025,25800,15700,10100
BLR,09-05-2025,25644,19372,6272
GOI,16-03-2025,18770,18090,680
GOI,06-02-2025,38695,24348,14347
HYD,01-05-2025,27836,17895,9941
AMD,10-06-2025,45226,40829,4397
CCU,25-02-2025,39091,32683,6408
DEL,11-04-2025,7073,3062,4011
PNQ,27-10-2025,48991,37686,11305
COK,14-11-2025,13657,8287,5370
HYD,21-12-2025,39282,36635,2647
BLR,23-02-2025,26696,18774,7922
CCU,22-05-2025,42329,31722,10607
MAA,23-10-2025,17051,16208,843
BOM,10-09-2025,34044,20254,13790
BOM,16-11-2025,19698,6623,13075
BLR,25-05-2025,14562,12882,1680
GOI,16-08-2025,10913,8104,2809
PNQ,16-08-2025,21041,19059,1982
GOI,10-01-2025,32738,21489,11249
BOM,05-01-2025,36480,26718,9762
CCU,03-09-2025,46525,39342,7183
DEL,24-10-2025,32671,30804,1867
HYD,14-05-2025,9284,8239,1045
CCU,16-11-2025,29002,16443,12559
BLR,04-04-2025,46890,37577,9313
COK,02-11-2025,38508,28655,9853
DEL,25-01-2025,20450,12070,8380
AMD,20-07-2025,37536,24428,13108
GOI,11-07-2025,51919,42221,9698
DEL,17-02-2025,12865,11977,888
AMD,19-10-2025,23588,13972,9616
PNQ,06-04-2025,43603,29447,14156
AMD,13-02-2025,22613,11765,10848
CCU,17-11-2025,23582,9086,14496
BLR,14-12-2025,17148,13611,3537
BLR,14-10-2025,4289,3246,1043
BOM,11-03-2025,17100,3223,13877
MAA,26-04-2025,24720,20990,3730
AMD,08-09-2025,16615,15596,1019
AMD,11-11-2025,37915,27356,10559
HYD,20-11-2025,31669,24918,6751
AMD,23-03-2025,21729,17986,3743
MAA,19-06-2025,29294,26138,3156
BLR,28-06-2025,14076,2558,11518
CCU,11-08-2025,29992,24312,5680
GOI,28-09-2025,40588,29176,11412
CCU,16-02-2025,48487,43411,5076
PNQ,24-01-2025,23612,10305,13307
MAA,29-04-2025,27895,20401,7494
CCU,28-06-2025,42137,37147,4990
GOI,29-07-2025,22268,13100,9168
GOI,27-12-2025,25689,17446,8243
GOI,03-10-2025,38628,36914,1714
BLR,18-04-2025,14639,12087,2552
CCU,05-08-2025,35911,25028,10883
BOM,01-03-2025,54668,41277,13391
MAA,04-12-2025,14804,9056,5748
BOM,04-10-2025,35683,33638,2045
CCU,19-10-2025,29657,29088,569
BLR,21-02-2025,37005,34462,2543
BOM,29-05-2025,22185,19198,2987
HYD,09-02-2025,34428,25941,8487
BLR,06-10-2025,14369,8041,6328
DEL,02-04-2025,37805,28476,9329
GOI,09-11-2025,52740,41448,11292
MAA,12-11-2025,39372,36573,2799
GOI,11-04-2025,17729,14479,3250
COK,02-03-2025,18361,12626,5735
DEL,11-09-2025,48008,35170,12838
BLR,02-02-2025,48408,44220,4188
PNQ,20-04-2025,9120,7780,1340
GOI,24-05-2025,18741,16406,2335
AMD,13-08-2025,48202,35380,12822
MAA,04-07-2025,40989,37540,3449
HYD,14-02-2025,33545,25872,7673
PNQ,20-08-2025,50974,43061,7913
CCU,22-01-2025,10463,9071,1392
COK,05-07-2025,37738,26958,10780
DEL,30-05-2025,6060,3018,3042
DEL,10-10-2025,42349,41579,770
AMD,02-04-2025,46180,31967,14213
DEL,18-12-2025,20838,15684,5154
GOI,30-03-2025,30433,23195,7238
CCU,27-07-2025,28982,26032,2950
PNQ,15-04-2025,43573,39158,4415
GOI,03-01-2025,18978,13336,5642
AMD,14-04-2025,14333,3026,11307
DEL,08-05-2025,32863,18063,14800
BOM,11-05-2025,23593,14090,9503
MAA,26-01-2025,17855,7034,10821
BOM,15-04-2025,33308,31373,1935
CCU,02-12-2025,37748,29931,7817
GOI,09-03-2025,12120,10055,2065
PNQ,01-02-2025,50909,41152,9757
PNQ,07-03-2025,49062,37445,11617
MAA,22-05-2025,54382,43528,10854
DEL,25-06-2025,37483,33743,3740
MAA,12-03-2025,52447,40522,11925
PNQ,15-10-2025,16501,5530,10971
AMD,30-04-2025,17352,12243,5109
MAA,18-12-2025,29594,16876,12718
HYD,26-08-2025,22538,16504,6034
BLR,22-01-2025,55187,41217,13970
BLR,10-03-2025,7867,4953,2914
COK,12-04-2025,41957,39885,2072
DEL,25-10-2025,42357,38583,3774
AMD,22-08-2025,31101,22996,8105
COK,14-12-2025,36348,27313,9035
BOM,15-04-2025,53991,40124,13867
MAA,25-04-2025,6957,5192,1765
CCU,11-02-2025,13676,10095,3581
MAA,20-02-2025,37136,31726,5410
HYD,08-07-2025,49380,38783,10597
AMD,22-10-2025,45236,34380,10856
MAA,11-05-2025,31769,23841,7928
CCU,21-09-2025,41791,31379,10412
AMD,30-12-2025,18552,7674,10878
HYD,16-09-2025,15809,4458,11351
MAA,05-07-2025,48248,33503,14745
PNQ,15-05-2025,39914,38292,1622
COK,14-11-2025,47140,42949,4191
HYD,20-06-2025,49650,40639,9011
BOM,04-01-2025,45581,31178,14403
AMD,18-01-2025,52533,44526,8007
BLR,07-01-2025,35978,24962,11016
DEL,25-12-2025,27176,25738,1438
GOI,13-10-2025,22611,15422,7189
COK,10-02-2025,37692,25892,11800
HYD,18-12-2025,18823,18105,718
BLR,20-07-2025,24078,13071,11007
AMD,26-07-2025,21075,10467,10608
MAA,14-08-2025,17501,8607,8894
BOM,31-03-2025,44887,32431,12456
DEL,06-11-2025,41466,38128,3338
BLR,10-08-2025,27353,15474,11879
COK,08-09-2025,33072,22381,10691
CCU,20-12-2025,36340,32063,4277
DEL,24-06-2025,25546,16840,8706
COK,31-01-2025,48145,37814,10331
GOI,16-12-2025,39936,29954,9982
HYD,29-04-2025,10518,3806,6712
GOI,25-11-2025,31349,19192,12157
CCU,08-11-2025,44211,40866,3345
BLR,21-05-2025,37534,28537,8997
AMD,20-09-2025,37745,34576,3169
PNQ,18-10-2025,20956,7257,13699
DEL,26-06-2025,43031,31015,12016
GOI,08-03-2025,51074,44124,6950
MAA,12-04-2025,28502,23612,4890
BLR,02-02-2025,48882,44599,4283
DEL,03-05-2025,57819,44953,12866
HYD,13-07-2025,25308,18252,7056
GOI,08-09-2025,18547,15668,2879
HYD,04-01-2025,21692,17606,4086
MAA,28-05-2025,31539,27316,4223
GOI,04-06-2025,40573,29117,11456
HYD,31-03-2025,34745,25440,9305
COK,16-01-2025,47172,40552,6620
PNQ,24-09-2025,15953,7530,8423
GOI,27-06-2025,38594,24549,14045
HYD,02-07-2025,46261,32201,14060
BLR,17-02-2025,44007,36850,7157
AMD,19-09-2025,21787,10303,11484
MAA,14-02-2025,18503,12413,6090
PNQ,07-12-2025,20334,11319,9015
CCU,05-02-2025,36700,31339,5361
BLR,20-09-2025,32658,22218,10440
GOI,03-06-2025,41419,32934,8485
MAA,02-10-2025,51247,40840,10407
DEL,15-05-2025,9096,6324,2772
MAA,26-12-2025,33334,27024,6310
PNQ,26-09-2025,44002,34672,9330
AMD,23-02-2025,28953,21206,7747
COK,01-02-2025,28062,23011,5051
DEL,23-08-2025,48040,35056,12984
BLR,21-08-2025,29082,27935,1147
PNQ,07-04-2025,15456,13806,1650
AMD,06-02-2025,9889,3706,6183
CCU,09-04-2025,32006,23877,8129
COK,25-08-2025,21056,19205,1851
HYD,24-11-2025,32520,26656,5864
GOI,02-12-2025,21303,9916,11387
BLR,18-02-2025,16104,12855,3249
MAA,13-02-2025,37538,27612,9926
BOM,25-12-2025,32450,25343,7107
CCU,11-02-2025,30245,29706,539
AMD,31-08-2025,45855,35562,10293
AMD,03-11-2025,31805,18779,13026
AMD,30-08-2025,39373,36480,2893
AMD,29-12-2025,15213,13258,1955
COK,26-06-2025,29341,27163,2178
DEL,11-02-2025,23090,17946,5144
HYD,02-08-2025,6587,5489,1098
CCU,09-07-2025,30382,20585,9797
DEL,10-12-2025,33099,30310,2789
DEL,30-11-2025,41837,39883,1954
MAA,07-03-2025,7526,3286,4240
PNQ,14-11-2025,15444,14457,987
CCU,31-12-2025,31937,30638,1299
BLR,17-11-2025,20013,11456,8557
AMD,23-12-2025,24394,20950,3444
HYD,27-11-2025,33138,20866,12272
DEL,21-11-2025,31590,24198,7392
CCU,17-09-2025,44681,39825,4856
COK,22-03-2025,27504,18563,8941
BLR,11-03-2025,43638,42585,1053
HYD,06-09-2025,39299,33952,5347
BLR,25-11-2025,26842,18267,8575
COK,27-04-2025,40990,27142,13848
PNQ,23-12-2025,41514,33018,8496
GOI,17-08-2025,36593,29188,7405
CCU,03-02-2025,22640,21241,1399
PNQ,17-07-2025,24493,19246,5247
CCU,10-03-2025,15280,8457,6823
CCU,25-06-2025,39776,31713,8063
AMD,22-06-2025,31545,22545,9000
CCU,17-04-2025,14477,13137,1340
CCU,06-10-2025,42519,35931,6588
AMD,05-07-2025,37286,23194,14092
CCU,02-05-2025,30968,26300,4668
BLR,02-04-2025,26900,18218,8682
MAA,26-08-2025,27438,15497,11941
PNQ,25-01-2025,17289,8944,8345
COK,03-03-2025,21213,12162,9051
BLR,09-03-2025,31350,22175,9175
CCU,28-11-2025,9831,3168,6663
BLR,26-02-2025,58298,44155,14143
GOI,29-07-2025,20096,6142,13954
COK,26-12-2025,22193,19215,2978
PNQ,20-01-2025,9886,3664,6222
PNQ,20-07-2025,31239,21093,10146
BLR,02-04-2025,37292,27288,10004
MAA,10-01-2025,11696,9698,1998
HYD,09-04-2025,26428,21027,5401
CCU,23-11-2025,24910,24177,733
BLR,29-04-2025,28366,14680,13686
COK,20-09-2025,25552,15942,9610
AMD,09-09-2025,43488,37313,6175
COK,07-04-2025,19856,19148,708
HYD,26-12-2025,31346,27316,4030
CCU,18-06-2025,21755,10529,11226
HYD,21-06-2025,51729,44426,7303
AMD,06-12-2025,19597,16415,3182
MAA,28-11-2025,53034,44015,9019
DEL,21-09-2025,16901,11909,4992
PNQ,02-10-2025,50058,44096,5962
PNQ,08-11-2025,40218,39301,917
DEL,18-06-2025,53290,40288,13002
HYD,17-01-2025,33204,28287,4917
COK,25-04-2025,15606,11177,4429
COK,14-11-2025,6937,4457,2480
HYD,25-07-2025,23294,11208,12086
BLR,14-05-2025,48388,40340,8048
COK,06-07-2025,21271,8721,12550
MAA,03-03-2025,38934,33123,5811
CCU,26-12-2025,19660,11622,8038
HYD,06-09-2025,33515,24046,9469
HYD,03-05-2025,16981,4587,12394
BOM,26-07-2025,40867,30885,9982
HYD,11-02-2025,24234,12511,11723
HYD,04-11-2025,22406,18528,3878
HYD,27-02-2025,26296,17359,8937
GOI,07-03-2025,25933,22609,3324
AMD,05-09-2025,19025,15559,3466
MAA,19-09-2025,48502,37996,10506
DEL,30-06-2025,44196,34978,9218
CCU,01-05-2025,43100,40434,2666
MAA,04-01-2025,15785,9138,6647
HYD,14-08-2025,19272,8207,11065
COK,16-09-2025,8184,5047,3137
GOI,22-09-2025,44073,40488,3585
CCU,30-08-2025,14608,7031,7577
AMD,12-07-2025,16843,16107,736
GOI,07-04-2025,16403,11851,4552
DEL,06-06-2025,23056,12523,10533
BLR,15-12-2025,15200,12544,2656
COK,08-07-2025,43479,29279,14200
GOI,28-12-2025,34056,29723,4333
GOI,25-03-2025,52628,38671,13957
MAA,11-01-2025,34414,26124,8290
AMD,17-04-2025,51923,39012,12911
PNQ,09-11-2025,39420,33353,6067
PNQ,18-12-2025,46518,32349,14169
PNQ,22-10-2025,45193,38992,6201
GOI,06-05-2025,9472,8254,1218
COK,18-07-2025,11194,5900,5294
BLR,13-01-2025,31849,26897,4952
HYD,02-09-2025,32333,28439,3894
DEL,11-07-2025,9702,2979,6723
BLR,02-03-2025,49122,40683,8439
AMD,07-04-2025,10439,3106,7333
CCU,20-11-2025,12650,3504,9146
PNQ,01-11-2025,42797,38029,4768
HYD,17-05-2025,29742,18275,11467
MAA,05-04-2025,10662,6986,3676
PNQ,10-01-2025,53364,39578,13786
HYD,19-09-2025,52483,40949,11534
HYD,18-12-2025,22674,17280,5394
AMD,02-07-2025,46113,40908,5205
AMD,19-03-2025,37452,35447,2005
HYD,31-08-2025,36746,24219,12527
BOM,19-05-2025,17589,6261,11328
PNQ,07-01-2025,54716,39884,14832
BOM,31-07-2025,38875,33183,5692
COK,09-07-2025,8156,4635,3521
MAA,04-01-2025,40861,31866,8995
MAA,14-04-2025,44641,35615,9026
GOI,12-11-2025,21209,10781,10428
COK,29-08-2025,15529,5735,9794
HYD,09-09-2025,5116,2704,2412
DEL,24-01-2025,33294,27869,5425
AMD,23-07-2025,26465,12640,13825
BLR,18-05-2025,47533,43498,4035
MAA,17-06-2025,29560,25796,3764
AMD,17-11-2025,51411,38499,12912
AMD,17-09-2025,31010,30073,937
GOI,18-03-2025,7716,6906,810
CCU,25-02-2025,47117,38925,8192
AMD,08-01-2025,37376,35915,1461
BLR,31-05-2025,18782,13335,5447
MAA,18-06-2025,42063,32089,9974
AMD,19-03-2025,50520,37661,12859
BOM,19-11-2025,47842,43656,4186
DEL,14-07-2025,52507,43872,8635
BOM,01-07-2025,49078,37692,11386
BLR,25-10-2025,55772,43679,12093
GOI,18-11-2025,11247,6480,4767
BOM,01-06-2025,18107,4558,13549
AMD,11-10-2025,13648,12341,1307
AMD,31-05-2025,42432,38143,4289
COK,08-07-2025,45760,44689,1071
PNQ,05-06-2025,38035,31308,6727
GOI,22-04-2025,19950,17073,2877
BLR,20-07-2025,19656,6051,13605
DEL,08-02-2025,24150,21296,2854
BLR,17-08-2025,46080,37132,8948
DEL,28-04-2025,28228,24185,4043
AMD,30-03-2025,18668,5975,12693
CCU,06-01-2025,39577,28594,10983
BLR,06-08-2025,18845,13968,4877
HYD,21-08-2025,26312,20409,5903
BLR,03-10-2025,29813,18533,11280
COK,09-02-2025,38969,33670,5299
COK,07-06-2025,44278,31223,13055
HYD,06-03-2025,19835,19165,670
BOM,03-02-2025,52672,38874,13798
DEL,06-01-2025,24835,17694,7141
AMD,12-03-2025,25737,21751,3986
PNQ,10-03-2025,29753,22728,7025
AMD,03-03-2025,40483,26802,13681
CCU,02-10-2025,38221,24590,13631
DEL,09-09-2025,49917,41855,8062
BLR,27-02-2025,18479,11395,7084
BOM,27-01-2025,49679,38383,11296
GOI,10-09-2025,43448,34572,8876
BOM,01-02-2025,29869,21911,7958
PNQ,15-12-2025,22837,12933,9904
BOM,24-10-2025,10476,8934,1542
PNQ,18-06-2025,40531,27937,12594
BOM,31-08-2025,19050,15648,3402
DEL,23-07-2025,47985,37470,10515
BOM,04-02-2025,38633,35543,3090
PNQ,25-12-2025,26435,13861,12574
BOM,23-07-2025,6794,6272,522
CCU,13-09-2025,40530,27225,13305
CCU,08-10-2025,49089,43790,5299
COK,13-09-2025,18103,9662,8441
DEL,13-07-2025,26526,12988,13538
HYD,25-02-2025,36132,27477,8655
DEL,21-08-2025,51475,44627,6848
HYD,20-10-2025,22989,18389,4600
MAA,06-11-2025,20136,6686,13450
CCU,23-02-2025,48740,39745,8995
DEL,15-03-2025,45016,32818,12198
AMD,15-09-2025,47679,43119,4560
MAA,05-04-2025,21441,12128,9313
COK,26-12-2025,23961,17974,5987
COK,30-03-2025,24553,11017,13536
HYD,29-04-2025,22109,7414,14695
COK,13-11-2025,16913,5889,11024
MAA,14-11-2025,40548,35444,5104
GOI,22-12-2025,41117,28690,12427
GOI,07-12-2025,18497,17637,860
MAA,19-12-2025,17212,8003,9209
AMD,30-01-2025,47563,34169,13394
AMD,23-11-2025,18748,10909,7839
PNQ,05-04-2025,7870,4401,3469
CCU,07-02-2025,48658,40887,7771
AMD,05-03-2025,19238,12504,6734
AMD,14-03-2025,52311,44163,8148
BOM,04-02-2025,6545,2831,3714
CCU,19-04-2025,15208,2784,12424
HYD,28-06-2025,19614,7501,12113
MAA,02-06-2025,19874,5193,14681
PNQ,16-03-2025,51650,43958,7692
BLR,06-10-2025,33485,22515,10970
BOM,20-02-2025,33690,19236,14454
BLR,21-02-2025,17833,11796,6037
HYD,28-12-2025,42732,39743,2989
BOM,04-08-2025,40719,31414,9305
HYD,22-08-2025,13042,3627,9415
COK,27-10-2025,41743,35771,5972
AMD,22-12-2025,37926,34704,3222
PNQ,08-12-2025,42949,28161,14788
GOI,21-11-2025,37319,24776,12543
HYD,24-04-2025,42456,32280,10176
MAA,19-04-2025,55204,44545,10659
HYD,29-09-2025,46797,37731,9066
HYD,25-01-2025,30184,27018,3166
BLR,09-02-2025,44459,43079,1380
BLR,27-03-2025,45346,44116,1230
GOI,08-08-2025,8669,3627,5042
HYD,17-01-2025,9980,7623,2357
HYD,29-04-2025,37160,24471,12689
GOI,03-11-2025,49278,35653,13625
MAA,26-11-2025,38583,32262,6321
DEL,11-09-2025,24234,18184,6050
GOI,31-03-2025,28805,17200,11605
HYD,25-01-2025,31296,28365,2931
CCU,04-09-2025,27995,25392,2603
BLR,16-03-2025,32045,20915,11130
COK,09-07-2025,13752,6330,7422
AMD,14-05-2025,16196,6075,10121
HYD,15-06-2025,17639,7171,10468
DEL,06-11-2025,47331,43920,3411
DEL,06-10-2025,41556,31420,10136
BLR,19-03-2025,14851,11005,3846
PNQ,06-07-2025,16886,6256,10630
PNQ,16-11-2025,47869,35852,12017
CCU,18-07-2025,25308,16766,8542
PNQ,09-06-2025,48076,41958,6118
GOI,18-12-2025,21592,13435,8157
BOM,19-10-2025,25875,11625,14250
MAA,25-06-2025,5904,3477,2427
COK,12-10-2025,13978,7950,6028
AMD,05-11-2025,52763,43853,8910
MAA,31-01-2025,33987,28485,5502
DEL,14-10-2025,16026,10261,5765
BLR,14-01-2025,16221,9931,6290
AMD,09-01-2025,18725,4012,14713
AMD,14-06-2025,43940,33799,10141
BOM,06-06-2025,5441,2951,2490
BOM,15-10-2025,20007,5900,14107
MAA,27-12-2025,37557,27551,10006
AMD,19-12-2025,23633,13181,10452
PNQ,07-12-2025,38500,36705,1795
GOI,29-05-2025,21987,9555,12432
DEL,17-11-2025,43678,32812,10866
BOM,13-01-2025,49450,41405,8045
DEL,26-04-2025,20065,15680,4385
COK,14-09-2025,45936,36712,9224
CCU,25-12-2025,7930,5591,2339
BOM,24-05-2025,35735,27218,8517
CCU,16-03-2025,4395,2762,1633
PNQ,12-03-2025,36549,35036,1513
GOI,03-04-2025,18985,11236,7749
COK,26-06-2025,44465,36602,7863
GOI,12-03-2025,23007,19037,3970
BLR,10-03-2025,42297,38678,3619
BLR,28-12-2025,13276,7171,6105
MAA,30-11-2025,13428,2732,10696
BOM,14-03-2025,21545,20597,948
DEL,21-02-2025,13499,9829,3670
BOM,17-12-2025,32023,18504,13519
COK,30-10-2025,27620,22284,5336
HYD,12-09-2025,39579,29384,10195
CCU,09-08-2025,55184,41245,13939
GOI,18-02-2025,41454,37069,4385
CCU,02-07-2025,9973,8244,1729
GOI,16-11-2025,31478,22546,8932
GOI,19-08-2025,39543,34459,5084
AMD,26-07-2025,47174,43640,3534
HYD,27-04-2025,18357,6547,11810
MAA,10-10-2025,42581,30299,12282
DEL,24-03-2025,28764,22958,5806
AMD,29-04-2025,39764,34288,5476
PNQ,09-11-2025,27883,21237,6646
CCU,14-01-2025,16962,4586,12376
COK,31-10-2025,44269,33562,10707
AMD,12-05-2025,15521,4498,11023
AMD,29-01-2025,39482,30136,9346
HYD,30-11-2025,38032,27161,10871
COK,25-04-2025,28026,16228,11798
PNQ,11-12-2025,28691,17500,11191
DEL,15-10-2025,36750,24839,11911
MAA,19-10-2025,33938,28972,4966
COK,12-03-2025,51461,40483,10978
PNQ,07-07-2025,25582,23048,2534
DEL,09-06-2025,28641,20332,8309
DEL,16-02-2025,29923,15469,14454
DEL,14-04-2025,37996,36524,1472
BOM,09-08-2025,42232,34117,8115
BLR,12-08-2025,53127,42565,10562
COK,02-05-2025,40631,31965,8666
CCU,20-07-2025,18072,11436,6636
HYD,25-08-2025,47280,43280,4000
COK,16-01-2025,16803,3963,12840
MAA,28-05-2025,26163,13628,12535
MAA,30-12-2025,35702,33145,2557
BOM,15-02-2025,11869,9560,2309
PNQ,16-08-2025,45387,43743,1644
HYD,24-12-2025,15548,2867,12681
CCU,09-06-2025,52347,40713,11634
HYD,26-06-2025,19322,5932,13390
BLR,30-08-2025,54598,41529,13069
GOI,21-11-2025,36059,32370,3689
GOI,12-05-2025,31812,18430,13382
BOM,13-01-2025,41549,34558,6991
MAA,31-10-2025,44025,32952,11073
CCU,24-05-2025,32385,19306,13079
GOI,13-07-2025,45022,32868,12154
GOI,01-09-2025,45215,40893,4322
MAA,23-09-2025,30753,27917,2836
AMD,29-05-2025,26073,11768,14305
HYD,22-01-2025,26864,12197,14667
BLR,15-03-2025,10288,6086,4202
AMD,18-09-2025,49126,43810,5316
PNQ,25-07-2025,23393,9348,14045
HYD,07-05-2025,20467,10755,9712
AMD,26-10-2025,6807,4859,1948
DEL,24-04-2025,20253,16368,3885
BOM,20-11-2025,16236,14166,2070
AMD,08-05-2025,25243,10586,14657
MAA,19-01-2025,36537,36028,509
CCU,17-06-2025,20048,18720,1328
CCU,04-01-2025,44148,31704,12444
COK,01-04-2025,26416,11749,14667
PNQ,02-11-2025,54564,42023,12541
PNQ,16-12-2025,22577,21255,1322
CCU,31-12-2025,37872,29838,8034
GOI,18-11-2025,51603,44354,7249
BOM,16-12-2025,32793,18026,14767
DEL,25-04-2025,18139,3943,14196
COK,27-12-2025,18208,8895,9313
HYD,05-10-2025,15461,12098,3363
PNQ,21-01-2025,13406,11807,1599
BLR,11-12-2025,18066,15644,2422
AMD,04-05-2025,25067,11689,13378
HYD,04-11-2025,35441,24586,10855
AMD,03-11-2025,42877,37758,5119
MAA,24-11-2025,16317,8959,7358
BLR,08-08-2025,45507,33693,11814
MAA,19-09-2025,28828,17573,11255
COK,06-06-2025,18252,16746,1506
GOI,25-11-2025,43112,37794,5318
PNQ,06-11-2025,15978,4465,11513
MAA,08-05-2025,49449,42406,7043
GOI,20-02-2025,46889,37971,8918
GOI,18-07-2025,17960,3764,14196
CCU,10-09-2025,29871,15716,14155
MAA,09-05-2025,31414,29419,1995
CCU,22-01-2025,36881,22282,14599
GOI,22-06-2025,16544,12156,4388
PNQ,22-07-2025,22761,19399,3362
COK,09-11-2025,44369,33925,10444
CCU,11-09-2025,54802,44948,9854
DEL,08-01-2025,38885,30683,8202
COK,06-07-2025,21532,6985,14547
MAA,08-11-2025,8281,4978,3303
MAA,04-11-2025,18140,3974,14166
BLR,28-01-2025,45906,41488,4418
AMD,06-06-2025,47462,39174,8288
PNQ,23-02-2025,57672,43198,14474
GOI,03-11-2025,23668,21087,2581
MAA,28-02-2025,40618,39269,1349
COK,11-12-2025,37187,23475,13712
CCU,20-03-2025,19752,6211,13541
BLR,18-02-2025,25957,13002,12955
DEL,23-01-2025,29220,22871,6349
CCU,07-11-2025,27376,21514,5862
BLR,23-07-2025,8661,8100,561
BLR,05-09-2025,15022,6634,8388
MAA,23-06-2025,24121,23261,860
COK,25-10-2025,51613,36852,14761
AMD,19-12-2025,26644,19522,7122
MAA,09-07-2025,43930,31461,12469
BOM,25-02-2025,35297,24626,10671
BLR,27-12-2025,35859,32140,3719
BLR,29-08-2025,15045,2944,12101
CCU,10-06-2025,37598,31980,5618
MAA,18-03-2025,21868,19817,2051
CCU,07-06-2025,27840,20556,7284
DEL,06-06-2025,54298,44678,9620
DEL,08-11-2025,44219,32846,11373
PNQ,10-03-2025,23417,12566,10851
AMD,27-08-2025,29902,23053,6849
DEL,14-07-2025,53768,42078,11690
GOI,22-05-2025,40606,25766,14840
CCU,09-02-2025,8593,6058,2535
AMD,05-03-2025,11602,5221,6381
BLR,12-05-2025,19254,8330,10924
PNQ,03-10-2025,49478,44195,5283
BOM,23-03-2025,36859,25562,11297
PNQ,24-02-2025,36615,32808,3807
HYD,21-07-2025,39298,25542,13756
MAA,01-10-2025,21764,14196,7568
BOM,28-07-2025,51062,42821,8241
CCU,15-04-2025,8058,3990,4068
CCU,11-05-2025,3034,2498,536
BOM,31-10-2025,52265,42611,9654
DEL,01-09-2025,14365,5124,9241
DEL,10-06-2025,34072,27899,6173
COK,07-05-2025,33880,19925,13955
GOI,22-07-2025,34264,29249,5015
PNQ,23-08-2025,28718,19332,9386
DEL,11-03-2025,50493,42732,7761
BOM,07-07-2025,10384,4503,5881
BLR,08-04-2025,18190,11314,6876
MAA,30-05-2025,37951,26468,11483
BOM,28-12-2025,23451,8549,14902
BLR,01-03-2025,51078,41800,9278
BOM,03-09-2025,11939,8829,3110
BOM,04-07-2025,54356,44833,9523
GOI,22-12-2025,21133,14524,6609
DEL,18-04-2025,25218,11117,14101
CCU,24-03-2025,6018,5497,521
AMD,22-01-2025,21322,8403,12919
HYD,03-07-2025,54132,44027,10105
BOM,23-01-2025,33479,28820,4659
COK,03-11-2025,27895,13681,14214
BOM,18-08-2025,18210,10778,7432
MAA,06-10-2025,49687,42692,6995
BOM,03-10-2025,10641,7512,3129
GOI,12-09-2025,35584,27459,8125
MAA,20-10-2025,21351,10016,11335
DEL,09-03-2025,48171,36231,11940
AMD,20-02-2025,41290,39912,1378
CCU,15-06-2025,21630,9727,11903
CCU,02-01-2025,41902,27768,14134
CCU,08-06-2025,49835,36206,13629
MAA,13-06-2025,23788,18889,4899
BOM,22-07-2025,42604,37888,4716
BLR,31-05-2025,48416,38445,9971
PNQ,22-01-2025,34921,32451,2470
PNQ,22-03-2025,46886,40877,6009
DEL,30-09-2025,24661,14772,9889
MAA,10-03-2025,14418,4056,10362
COK,10-04-2025,27341,24636,2705
BLR,14-05-2025,24222,16311,7911
CCU,09-12-2025,48596,42311,6285
DEL,27-12-2025,12567,5311,7256
BOM,28-03-2025,28381,24220,4161
BLR,11-05-2025,34293,28007,6286
CCU,03-12-2025,29435,22028,7407
CCU,01-11-2025,13306,4844,8462
CCU,09-11-2025,40984,34582,6402
HYD,21-11-2025,21730,14283,7447
PNQ,03-08-2025,10439,8525,1914
AMD,01-10-2025,35286,21297,13989
CCU,03-07-2025,30107,20502,9605
AMD,21-07-2025,43483,28648,14835
PNQ,18-09-2025,9207,8524,683
BLR,16-03-2025,37257,32491,4766
CCU,28-03-2025,18589,15422,3167
MAA,25-08-2025,28516,27207,1309
BOM,17-01-2025,41372,40616,756
BLR,04-11-2025,53333,39918,13415
BLR,21-07-2025,19998,6370,13628
BOM,10-10-2025,20523,17589,2934
AMD,15-12-2025,16205,3142,13063
HYD,03-05-2025,23994,15263,8731
GOI,03-09-2025,36397,35195,1202
DEL,29-08-2025,25871,20651,5220
HYD,07-04-2025,7998,3301,4697
BOM,27-03-2025,56353,42186,14167
DEL,17-07-2025,21173,8105,13068
BOM,11-07-2025,19812,18036,1776
HYD,13-08-2025,46188,39752,6436
BLR,17-04-2025,9685,3271,6414
DEL,30-07-2025,22707,18188,4519
GOI,12-10-2025,45867,36575,9292
HYD,13-09-2025,14631,4316,10315
PNQ,14-11-2025,31152,28215,2937
AMD,27-03-2025,48085,39780,8305
BOM,22-05-2025,19877,12491,7386
HYD,27-08-2025,51234,38375,12859
HYD,11-11-2025,13728,13198,530
AMD,07-06-2025,22018,9800,12218
MAA,26-07-2025,24001,16470,7531
PNQ,20-06-2025,18967,7835,11132
GOI,14-03-2025,9633,6231,3402
BLR,28-06-2025,11984,6799,5185
GOI,10-10-2025,29271,21713,7558
GOI,22-01-2025,24461,22885,1576
HYD,09-12-2025,22433,11592,10841
HYD,28-04-2025,4017,2721,1296
HYD,12-10-2025,46294,42188,4106
BOM,08-01-2025,32039,27159,4880
BLR,11-06-2025,16927,9102,7825
PNQ,29-06-2025,5082,2823,2259
MAA,01-01-2025,28381,16141,12240
MAA,02-09-2025,19821,11325,8496
BOM,02-12-2025,42103,32859,9244
HYD,13-11-2025,21866,19155,2711
CCU,15-10-2025,32467,17811,14656
BOM,19-04-2025,18877,9203,9674
COK,13-01-2025,47306,43673,3633
DEL,06-06-2025,17012,12893,4119
PNQ,27-10-2025,38760,34527,4233
GOI,27-08-2025,23976,16988,6988
DEL,29-05-2025,41795,35567,6228
BOM,01-07-2025,33653,32963,690
HYD,18-09-2025,36620,23523,13097
CCU,21-08-2025,23097,21260,1837
COK,19-07-2025,39753,36964,2789
HYD,23-02-2025,47553,35288,12265
CCU,11-08-2025,32661,25072,7589
COK,21-01-2025,15912,7058,8854
PNQ,27-01-2025,47414,40189,7225
HYD,26-06-2025,34820,25314,9506
CCU,26-01-2025,11154,5666,5488
PNQ,22-04-2025,17654,6394,11260
DEL,20-06-2025,30871,21677,9194
BLR,26-04-2025,33180,30721,2459
HYD,09-11-2025,34166,21797,12369
MAA,18-07-2025,29366,19721,9645
PNQ,28-11-2025,29258,18379,10879
COK,21-08-2025,11932,6653,5279
DEL,08-09-2025,38594,36043,2551
BOM,21-04-2025,36737,23247,13490
BOM,08-09-2025,30354,28940,1414
MAA,20-03-2025,36819,23219,13600
BLR,28-09-2025,25227,10924,14303
HYD,23-04-2025,30653,28131,2522
DEL,15-05-2025,17720,3682,14038
COK,21-07-2025,7791,3652,4139
GOI,25-05-2025,30559,22174,8385
GOI,29-03-2025,53832,44249,9583
MAA,13-05-2025,47100,41581,5519
HYD,11-10-2025,5320,4349,971
DEL,24-12-2025,40368,39156,1212
DEL,08-09-2025,42857,29726,13131
BOM,07-04-2025,11409,8656,2753
HYD,17-08-2025,45088,40500,4588
BOM,04-06-2025,26197,23118,3079
GOI,11-05-2025,24986,21584,3402
DEL,04-05-2025,38274,37496,778
DEL,03-05-2025,33717,30811,2906
BLR,05-12-2025,10263,2385,7878
MAA,15-12-2025,53842,43315,10527
DEL,20-06-2025,25255,21546,3709
DEL,01-05-2025,21133,20544,589
CCU,14-10-2025,19750,10424,9326
MAA,19-12-2025,37655,25773,11882
COK,06-02-2025,19928,12237,7691
CCU,14-03-2025,35704,29104,6600
COK,12-02-2025,17685,14336,3349
MAA,09-05-2025,48856,39240,9616
HYD,16-10-2025,20523,15008,5515
MAA,07-09-2025,34257,26786,7471
PNQ,21-07-2025,23048,21872,1176
BOM,29-12-2025,21368,7807,13561
PNQ,07-12-2025,35563,29075,6488
BLR,08-02-2025,19452,8930,10522
PNQ,05-02-2025,11145,6162,4983
CCU,11-03-2025,32870,31524,1346
BLR,19-09-2025,44472,34865,9607
COK,04-06-2025,23779,15808,7971
AMD,05-05-2025,21934,11671,10263
CCU,12-03-2025,24677,10503,14174
HYD,26-06-2025,10869,8621,2248
AMD,10-02-2025,23327,8695,14632
COK,15-05-2025,27646,20050,7596
PNQ,06-11-2025,18484,14086,4398
GOI,18-11-2025,33151,29283,3868
BLR,07-03-2025,32896,29882,3014
AMD,13-07-2025,21254,15144,6110
GOI,14-07-2025,47019,40037,6982
HYD,08-05-2025,34175,20654,13521
PNQ,13-09-2025,17443,13145,4298
HYD,24-02-2025,21423,15992,5431
GOI,03-10-2025,20207,17014,3193
GOI,07-10-2025,19648,6960,12688
HYD,20-07-2025,27973,20898,7075
CCU,09-04-2025,52925,38188,14737
COK,06-07-2025,17126,13323,3803
GOI,13-03-2025,28897,18472,10425
BLR,22-02-2025,12897,3710,9187
GOI,09-10-2025,31339,17304,14035
AMD,12-06-2025,17560,6834,10726
MAA,04-03-2025,43245,37121,6124
AMD,22-05-2025,34647,28836,5811
HYD,14-10-2025,21807,19343,2464
COK,13-06-2025,40155,25656,14499
BOM,24-03-2025,16714,9660,7054
HYD,04-04-2025,41727,29323,12404
BLR,29-06-2025,29454,25482,3972
BLR,16-06-2025,31770,22929,8841
AMD,08-07-2025,45747,36322,9425
GOI,18-10-2025,31120,19377,11743
MAA,18-05-2025,7362,6154,1208
HYD,08-06-2025,20406,6962,13444
AMD,12-03-2025,38402,35431,2971
HYD,17-08-2025,8910,8162,748
PNQ,23-10-2025,26236,16843,9393
BOM,07-06-2025,48863,40902,7961
GOI,22-11-2025,29317,15902,13415
CCU,12-06-2025,37510,26437,11073
GOI,13-03-2025,23496,19923,3573
AMD,25-02-2025,47228,40438,6790
HYD,18-08-2025,33020,28672,4348
AMD,06-02-2025,30264,21119,9145
BOM,14-08-2025,47837,38172,9665
CCU,28-05-2025,49341,40104,9237
CCU,26-01-2025,23411,9526,13885
PNQ,27-08-2025,29876,16255,13621
MAA,18-01-2025,49583,42475,7108
BLR,15-11-2025,58033,43485,14548
PNQ,17-10-2025,43507,29659,13848
BOM,16-05-2025,22125,15101,7024
GOI,25-02-2025,16702,2709,13993
PNQ,08-04-2025,53186,44558,8628
HYD,08-05-2025,26663,20324,6339
DEL,24-03-2025,33517,26168,7349
HYD,20-08-2025,17101,13523,3578
GOI,10-07-2025,33244,26236,7008
AMD,25-12-2025,24971,24451,520
PNQ,22-10-2025,26060,21345,4715
GOI,29-01-2025,31862,20845,11017
BOM,18-01-2025,44672,35008,9664
DEL,12-02-2025,23294,13842,9452
HYD,22-06-2025,53579,41740,11839
BOM,04-09-2025,11023,8367,2656
CCU,17-02-2025,23068,13119,9949
BLR,09-04-2025,26333,15204,11129
COK,31-08-2025,36854,30654,6200
BLR,12-09-2025,35586,23115,12471
DEL,19-10-2025,36325,31817,4508
HYD,01-05-2025,37040,28558,8482
AMD,22-06-2025,43945,40045,3900
DEL,24-04-2025,45205,41368,3837
MAA,22-06-2025,25660,12939,12721
HYD,25-11-2025,19220,11487,7733
COK,19-05-2025,18233,16220,2013
PNQ,16-11-2025,53794,38854,14940
COK,28-05-2025,28262,14217,14045
GOI,17-07-2025,50846,40021,10825
DEL,27-10-2025,37414,35764,1650
BLR,04-09-2025,22578,9262,13316
CCU,03-12-2025,27217,23776,3441
AMD,28-11-2025,7148,5850,1298
HYD,29-04-2025,38070,32730,5340
PNQ,03-01-2025,23189,14076,9113
PNQ,06-11-2025,12312,6517,5795
PNQ,18-05-2025,19625,10165,9460
HYD,20-11-2025,7258,4683,2575
CCU,24-02-2025,40548,37334,3214
CCU,22-02-2025,21824,14730,7094
BLR,03-05-2025,10712,8560,2152
HYD,07-02-2025,21978,7993,13985
CCU,24-07-2025,20529,9488,11041
CCU,07-04-2025,42988,41297,1691
HYD,04-02-2025,54301,43354,10947
DEL,21-09-2025,35544,28573,6971
HYD,13-01-2025,43779,29675,14104
BOM,14-11-2025,54811,40627,14184
CCU,31-10-2025,23497,16195,7302
CCU,15-10-2025,38836,27170,11666
PNQ,09-06-2025,42963,29011,13952
PNQ,19-09-2025,23211,20286,2925
COK,11-08-2025,24734,9742,14992
CCU,01-06-2025,39761,34797,4964
BLR,06-07-2025,35873,28124,7749
PNQ,20-08-2025,11930,6720,5210
COK,18-08-2025,16694,15452,1242
COK,04-07-2025,24985,10472,14513
COK,06-02-2025,16974,10684,6290
AMD,28-02-2025,29312,20150,9162
BOM,22-12-2025,44630,30682,13948
DEL,13-07-2025,41590,26720,14870
HYD,16-06-2025,35216,20243,14973
PNQ,26-11-2025,55135,44146,10989
AMD,26-01-2025,53352,38767,14585
GOI,18-08-2025,11280,10480,800
HYD,12-04-2025,8075,4758,3317
MAA,20-11-2025,27851,22546,5305
COK,04-02-2025,16726,12814,3912
AMD,07-09-2025,50788,44993,5795
CCU,15-01-2025,20324,18429,1895
PNQ,27-03-2025,22786,12304,10482
CCU,07-01-2025,7922,7216,706
MAA,22-07-2025,21442,14813,6629
DEL,20-02-2025,27320,16966,10354
MAA,26-02-2025,18363,15247,3116
AMD,05-08-2025,25249,21749,3500
MAA,27-08-2025,29490,17528,11962
HYD,11-06-2025,20847,10001,10846
HYD,15-09-2025,38647,32598,6049
HYD,13-07-2025,31797,30059,1738
BLR,31-03-2025,33710,19644,14066
MAA,05-09-2025,11893,9055,2838
PNQ,08-08-2025,17618,3054,14564
COK,02-06-2025,32077,20294,11783
PNQ,13-12-2025,7673,3755,3918
DEL,19-09-2025,39646,32504,7142
DEL,25-10-2025,48260,38222,10038
PNQ,12-04-2025,22664,13081,9583
BLR,18-01-2025,20339,13202,7137
MAA,10-10-2025,21166,9222,11944
PNQ,07-01-2025,51811,39286,12525
BLR,24-03-2025,48781,37491,11290
MAA,16-04-2025,20459,18452,2007
BLR,29-11-2025,12510,9932,2578
GOI,25-06-2025,29936,28359,1577
BLR,21-11-2025,28589,18756,9833
PNQ,13-06-2025,47588,43651,3937
DEL,05-12-2025,24849,15101,9748
AMD,10-04-2025,50284,38403,11881
COK,04-04-2025,24093,21103,2990
HYD,08-05-2025,32884,17889,14995
COK,12-02-2025,49782,37177,12605
PNQ,20-11-2025,39075,29332,9743
MAA,30-05-2025,15492,14245,1247
PNQ,03-12-2025,35752,25458,10294
BOM,09-11-2025,7201,4948,2253
GOI,05-10-2025,49584,35513,14071
CCU,26-02-2025,12791,4519,8272
BLR,16-07-2025,48400,36031,12369
BLR,09-03-2025,24120,13212,10908
HYD,29-03-2025,20925,18036,2889
COK,08-05-2025,39642,38162,1480
MAA,13-04-2025,35516,33913,1603
COK,24-10-2025,26322,20835,5487
BOM,19-04-2025,40520,39278,1242
GOI,16-11-2025,46293,33966,12327
BLR,28-05-2025,51741,44186,7555
BLR,09-10-2025,21512,10583,10929
BOM,06-09-2025,43609,30995,12614
BLR,11-01-2025,28269,18636,9633
BOM,03-03-2025,48745,42130,6615
AMD,22-12-2025,24072,23459,613
AMD,28-10-2025,19290,16953,2337
MAA,16-07-2025,32327,25868,6459
CCU,23-07-2025,39859,37941,1918
BLR,29-11-2025,13181,11245,1936
DEL,29-01-2025,21072,17370,3702
GOI,01-10-2025,47015,39352,7663
HYD,17-02-2025,12593,4834,7759
COK,21-12-2025,50237,36800,13437
HYD,26-02-2025,26172,20276,5896
COK,01-09-2025,38214,32950,5264
AMD,27-01-2025,15218,2715,12503
GOI,12-03-2025,13834,10532,3302
GOI,21-10-2025,33618,32282,1336
AMD,09-09-2025,8249,6052,2197
PNQ,18-12-2025,37137,29770,7367
BLR,05-04-2025,14589,8554,6035
HYD,24-10-2025,46374,41072,5302
MAA,26-12-2025,18171,16300,1871
PNQ,06-12-2025,47905,44659,3246
COK,07-04-2025,14742,12750,1992
BLR,04-04-2025,48874,43060,5814
BOM,05-01-2025,20306,9294,11012
DEL,16-09-2025,19530,17977,1553
COK,18-06-2025,25825,22626,3199
DEL,14-02-2025,25045,19218,5827
AMD,16-02-2025,40668,27142,13526
CCU,11-12-2025,7969,5742,2227
PNQ,08-06-2025,37265,36535,730
AMD,28-04-2025,41535,37773,3762
DEL,19-11-2025,14790,7853,6937
GOI,20-12-2025,44599,37830,6769
BOM,08-03-2025,48738,36365,12373
HYD,08-09-2025,47641,37397,10244
GOI,23-11-2025,22585,11733,10852
HYD,23-11-2025,31297,16648,14649
BLR,28-04-2025,39425,28394,11031
DEL,28-09-2025,13483,6048,7435
BLR,21-03-2025,33486,31716,1770
BOM,19-10-2025,20400,8442,11958
AMD,27-11-2025,20106,12957,7149
HYD,06-02-2025,23600,11051,12549
AMD,11-04-2025,20994,18983,2011
MAA,03-01-2025,23071,22239,832
BOM,25-08-2025,43432,41719,1713
MAA,19-03-2025,42166,27762,14404
BOM,08-07-2025,22741,21651,1090
PNQ,29-08-2025,29943,18220,11723
DEL,27-06-2025,32334,26166,6168
GOI,11-02-2025,43501,38427,5074
HYD,07-05-2025,41088,36608,4480
COK,05-02-2025,21532,16630,4902
CCU,15-02-2025,54112,43697,10415
HYD,04-03-2025,28226,14199,14027
BOM,03-10-2025,18281,15073,3208
AMD,10-05-2025,24398,10167,14231
DEL,23-12-2025,17093,11144,5949
CCU,31-03-2025,32925,32192,733
MAA,10-09-2025,50104,37245,12859
BLR,28-12-2025,19631,10018,9613
PNQ,20-05-2025,23126,14307,8819
HYD,02-07-2025,29649,16978,12671
COK,17-05-2025,48737,35671,13066
COK,19-04-2025,57113,44763,12350
BOM,12-11-2025,14617,7934,6683
CCU,19-12-2025,40975,39772,1203
CCU,08-02-2025,20279,15721,4558
CCU,08-05-2025,39249,26811,12438
PNQ,01-12-2025,20274,7938,12336
BLR,23-07-2025,33363,27114,6249
PNQ,26-03-2025,43608,33050,10558
CCU,22-09-2025,32359,26528,5831
MAA,15-10-2025,14012,6320,7692
BLR,10-12-2025,21325,16375,4950
AMD,23-04-2025,32492,23807,8685
BLR,31-07-2025,51306,42061,9245
BOM,11-05-2025,31364,23577,7787
DEL,10-10-2025,44802,37296,7506
DEL,23-12-2025,8616,2615,6001
MAA,20-06-2025,46912,34541,12371
AMD,02-02-2025,22743,12818,9925
CCU,30-05-2025,11664,9293,2371
AMD,13-01-2025,44460,41015,3445
MAA,11-09-2025,45896,41056,4840
HYD,03-11-2025,40180,31723,8457
HYD,09-04-2025,45723,36173,9550
PNQ,28-08-2025,38603,35403,3200
MAA,18-04-2025,25502,13887,11615
AMD,22-06-2025,23746,23163,583
HYD,26-06-2025,22295,11227,11068
BOM,20-01-2025,26876,14685,12191
AMD,19-03-2025,8174,6189,1985
DEL,01-03-2025,43687,32253,11434
BLR,24-10-2025,40075,34306,5769
PNQ,27-02-2025,20943,12427,8516
CCU,11-04-2025,32207,17687,14520
BLR,14-12-2025,31293,20867,10426
HYD,25-06-2025,24320,15606,8714
GOI,03-07-2025,23744,23022,722
BOM,07-11-2025,19075,15825,3250
MAA,28-12-2025,23394,12167,11227
BOM,12-06-2025,14691,3508,11183
MAA,12-01-2025,37598,25437,12161
COK,12-10-2025,41595,27447,14148
CCU,27-09-2025,49197,35490,13707
COK,26-12-2025,28336,26966,1370
BOM,14-05-2025,22707,9850,12857
MAA,27-02-2025,44905,43824,1081
COK,08-09-2025,33041,31729,1312
AMD,20-11-2025,18143,14512,3631
HYD,21-11-2025,37585,27796,9789
DEL,23-10-2025,43895,36686,7209
BLR,30-10-2025,45299,40706,4593
BLR,15-02-2025,39412,38050,1362
AMD,13-02-2025,26575,24678,1897
PNQ,10-05-2025,29951,24737,5214
BOM,18-03-2025,19591,4636,14955
BOM,29-11-2025,19332,14192,5140
BOM,27-09-2025,47374,42134,5240
MAA,13-11-2025,32711,24115,8596
HYD,21-03-2025,12622,2924,9698
COK,22-12-2025,10548,5954,4594
HYD,04-08-2025,32740,31829,911
HYD,17-05-2025,48602,42514,6088
AMD,10-07-2025,49198,41711,7487
AMD,30-07-2025,21226,11264,9962
BLR,05-12-2025,10328,2202,8126
HYD,12-01-2025,8046,3879,4167
AMD,22-01-2025,39342,24473,14869
MAA,10-06-2025,17427,4731,12696
MAA,21-10-2025,41873,30763,11110
BOM,03-09-2025,45364,39511,5853
AMD,01-03-2025,42952,40388,2564
CCU,30-10-2025,56079,41428,14651
BOM,19-07-2025,43115,31097,12018
COK,30-10-2025,27054,23393,3661
HYD,04-05-2025,24964,11846,13118
MAA,13-08-2025,3913,3323,590
PNQ,16-06-2025,24638,16564,8074
DEL,02-02-2025,29192,16440,12752
GOI,12-09-2025,28606,18743,9863
GOI,15-04-2025,27597,20943,6654
BOM,07-08-2025,41667,30606,11061
BOM,26-02-2025,17468,9264,8204
PNQ,28-01-2025,18927,4409,14518
BLR,03-01-2025,34677,34055,622
AMD,02-10-2025,24631,16331,8300
CCU,06-07-2025,12752,6116,6636
DEL,30-11-2025,44500,30702,13798
MAA,08-10-2025,48074,39404,8670
BOM,28-10-2025,52520,41456,11064
AMD,14-04-2025,35710,24450,11260
BLR,28-07-2025,8366,7822,544
DEL,30-03-2025,21837,18753,3084
COK,31-01-2025,56320,43842,12478
DEL,31-08-2025,12239,3161,9078
PNQ,01-07-2025,15606,8649,6957
AMD,18-12-2025,12086,6594,5492
BOM,27-06-2025,45506,34397,11109
BOM,04-03-2025,6639,5690,949
DEL,17-03-2025,38969,37555,1414
PNQ,15-10-2025,20828,14203,6625
MAA,01-11-2025,15260,2337,12923
DEL,27-11-2025,11999,3307,8692
HYD,19-09-2025,24862,16181,8681
PNQ,10-10-2025,19842,5584,14258
BLR,17-10-2025,39138,25327,13811
MAA,27-10-2025,18922,9176,9746
BLR,09-08-2025,25652,12552,13100
AMD,17-07-2025,47345,40081,7264
AMD,14-11-2025,40305,37012,3293
GOI,20-07-2025,23445,11502,11943
BOM,15-08-2025,46038,36671,9367
DEL,31-12-2025,8819,7176,1643
BLR,10-05-2025,44791,43511,1280
COK,30-03-2025,19229,18344,885
PNQ,06-01-2025,28083,20014,8069
BLR,23-05-2025,23236,19417,3819
DEL,21-01-2025,47750,41133,6617
BOM,28-07-2025,39785,33745,6040
DEL,29-09-2025,28589,19081,9508
DEL,30-04-2025,28017,26523,1494
MAA,23-03-2025,50664,42635,8029
PNQ,14-04-2025,18017,14297,3720
AMD,21-03-2025,43354,32598,10756
DEL,29-05-2025,30044,23311,6733
MAA,02-02-2025,40947,32823,8124
PNQ,28-05-2025,41675,36149,5526
COK,23-08-2025,37222,35705,1517
BOM,17-09-2025,49143,37919,11224
CCU,18-12-2025,14761,7324,7437
AMD,23-01-2025,43680,33282,10398
MAA,09-09-2025,35265,22151,13114
PNQ,27-03-2025,30281,24833,5448
BOM,26-11-2025,16843,13763,3080
AMD,27-08-2025,11623,5739,5884
BLR,22-09-2025,15325,5196,10129
AMD,20-12-2025,42930,40066,2864
AMD,27-01-2025,38842,32060,6782
CCU,01-02-2025,35248,23168,12080
CCU,18-04-2025,32636,25115,7521
CCU,31-08-2025,40877,26305,14572
GOI,25-08-2025,27618,19699,7919
COK,02-05-2025,40014,32072,7942
AMD,20-03-2025,46753,38963,7790
BOM,07-09-2025,21640,7000,14640
AMD,15-05-2025,52896,42329,10567
CCU,30-11-2025,43645,32595,11050
PNQ,11-02-2025,31343,29936,1407
HYD,28-04-2025,46104,43133,2971
BOM,25-07-2025,26894,18655,8239
MAA,22-04-2025,44886,36293,8593
CCU,05-08-2025,33495,20516,12979
COK,13-10-2025,16088,13392,2696
PNQ,21-05-2025,23981,17386,6595
BLR,26-05-2025,54995,41833,13162
AMD,02-02-2025,55438,41355,14083
BOM,15-03-2025,44088,35078,9010
AMD,15-11-2025,27304,18275,9029
BLR,03-07-2025,29713,18022,11691
PNQ,20-06-2025,31521,28638,2883
MAA,14-03-2025,46551,31558,14993
GOI,19-07-2025,34823,22679,12144
COK,25-09-2025,46300,36525,9775
HYD,15-04-2025,41912,31006,10906
PNQ,16-12-2025,19541,6967,12574
BOM,13-07-2025,45792,40616,5176
BOM,26-09-2025,27523,16295,11228
AMD,11-11-2025,15242,7993,7249
GOI,28-05-2025,38662,33664,4998
HYD,10-12-2025,6948,4138,2810
GOI,09-01-2025,10558,9788,770
GOI,20-06-2025,25170,23352,1818
BLR,27-01-2025,18793,12019,6774
CCU,11-03-2025,25620,18455,7165
BLR,23-02-2025,30667,17525,13142
AMD,30-01-2025,50230,35268,14962
PNQ,07-11-2025,17943,15443,2500
PNQ,15-01-2025,40609,31826,8783
DEL,09-03-2025,27910,21493,6417
BOM,26-03-2025,35763,23293,12470
COK,09-05-2025,19252,12538,6714
BLR,29-09-2025,23136,8586,14550
AMD,03-04-2025,25152,13055,12097
DEL,23-03-2025,36206,25629,10577
MAA,11-01-2025,27680,22223,5457
BOM,20-08-2025,47096,36208,10888
DEL,08-08-2025,43307,37802,5505
BLR,22-03-2025,27073,18695,8378
COK,17-03-2025,22885,12742,10143
PNQ,28-05-2025,51836,42327,9509
BOM,22-08-2025,28092,23005,5087
BOM,21-05-2025,16140,10175,5965
BOM,03-02-2025,40618,35000,5618
BOM,19-11-2025,38496,25146,13350
CCU,31-01-2025,11305,9964,1341
BOM,20-10-2025,35190,32228,2962
BOM,06-06-2025,24666,23470,1196
CCU,17-01-2025,30852,29200,1652
BLR,30-12-2025,19285,18512,773
AMD,16-03-2025,50118,35461,14657
MAA,01-09-2025,43487,36073,7414
DEL,16-09-2025,37600,24719,12881
HYD,20-07-2025,16252,10168,6084
DEL,09-10-2025,56682,43267,13415
COK,13-04-2025,12384,4699,7685
GOI,23-04-2025,40779,28039,12740
PNQ,12-04-2025,34671,30890,3781
CCU,12-01-2025,46566,44604,1962
GOI,22-05-2025,41942,30096,11846
HYD,27-09-2025,21703,15246,6457
MAA,01-12-2025,26329,20039,6290
BLR,15-08-2025,54530,43586,10944
GOI,17-08-2025,12351,5692,6659
BOM,27-12-2025,34138,22540,11598
DEL,05-09-2025,21284,9723,11561
CCU,26-08-2025,47087,40560,6527
MAA,09-09-2025,50287,40886,9401
DEL,05-06-2025,37373,26722,10651
HYD,26-08-2025,52471,44193,8278
CCU,13-05-2025,42682,31266,11416
COK,10-12-2025,16958,9111,7847
GOI,12-11-2025,25395,18270,7125
MAA,16-10-2025,10943,4828,6115
BOM,23-08-2025,29036,17801,11235
BLR,27-07-2025,35986,29547,6439
CCU,28-11-2025,36383,22331,14052
AMD,16-03-2025,31047,17490,13557
BLR,02-06-2025,34400,24704,9696
PNQ,22-10-2025,11289,6654,4635
CCU,17-11-2025,56140,41561,14579
MAA,02-09-2025,10974,5248,5726
DEL,02-01-2025,46238,36885,9353
COK,30-06-2025,24557,21577,2980
DEL,12-08-2025,36912,26224,10688
AMD,06-09-2025,19179,12437,6742
PNQ,07-02-2025,57310,42716,14594
MAA,18-12-2025,22593,12635,9958
BLR,19-09-2025,15649,12718,2931
MAA,21-05-2025,36319,27856,8463
AMD,17-09-2025,22757,16211,6546
MAA,22-03-2025,11822,2264,9558
DEL,05-12-2025,10788,8101,2687
PNQ,16-01-2025,42597,30566,12031
DEL,27-10-2025,22182,16822,5360
BOM,09-07-2025,14522,4260,10262
AMD,12-10-2025,34344,32890,1454
BLR,14-03-2025,41392,33998,7394
MAA,19-05-2025,37703,33706,3997
CCU,22-03-2025,13907,12754,1153
COK,28-05-2025,14786,12470,2316
AMD,14-10-2025,39058,28872,10186
HYD,30-05-2025,40147,35424,4723
CCU,29-09-2025,50748,39689,11059
BLR,12-04-2025,41079,32817,8262
AMD,21-09-2025,21485,13594,7891
AMD,27-09-2025,25340,21302,4038
BOM,26-05-2025,49349,43963,5386
PNQ,13-01-2025,10338,2215,8123
BOM,27-01-2025,52235,39418,12817
PNQ,15-12-2025,37351,24099,13252
BLR,07-11-2025,42213,30234,11979
COK,12-04-2025,41543,31108,10435
CCU,24-12-2025,15935,6372,9563
BOM,19-02-2025,14341,6411,7930
BOM,19-06-2025,29094,26980,2114
BOM,21-12-2025,39180,36762,2418
PNQ,27-01-2025,31571,28535,3036
COK,02-10-2025,44159,40694,3465
MAA,06-11-2025,57527,43714,13813
GOI,30-09-2025,32081,23205,8876
PNQ,01-08-2025,36613,34925,1688
DEL,13-04-2025,13742,8105,5637
PNQ,20-11-2025,25794,14219,11575
BOM,25-11-2025,48576,35835,12741
HYD,19-04-2025,45988,38030,7958
PNQ,03-02-2025,51027,39650,11377
AMD,14-06-2025,24822,20634,4188
BOM,13-05-2025,27907,22923,4984
BLR,11-08-2025,46486,40049,6437
GOI,12-11-2025,36116,25112,11004
CCU,16-02-2025,47131,44778,2353
PNQ,04-05-2025,28512,19826,8686
PNQ,09-04-2025,18223,14895,3328
PNQ,26-10-2025,50098,40526,9572
HYD,03-11-2025,21115,18443,2672
COK,07-04-2025,46883,36814,10069
COK,11-09-2025,45551,35352,10199
DEL,27-11-2025,12979,2793,10186
GOI,20-10-2025,17204,2517,14687
PNQ,31-03-2025,32529,21109,11420
BLR,19-06-2025,43255,39100,4155
HYD,21-09-2025,8292,7677,615
CCU,18-08-2025,11399,2633,8766
DEL,10-08-2025,29710,24753,4957
COK,03-09-2025,39609,39052,557
DEL,17-11-2025,20691,7162,13529
AMD,24-12-2025,22862,14772,8090
BOM,09-06-2025,32533,21771,10762
BOM,14-10-2025,58935,44747,14188
BLR,11-09-2025,49293,40636,8657
BOM,31-12-2025,14281,3504,10777
MAA,18-04-2025,29905,27525,2380
AMD,26-10-2025,43432,31186,12246
DEL,14-09-2025,58152,44165,13987
BLR,07-03-2025,31344,26443,4901
AMD,20-08-2025,43800,41516,2284
PNQ,09-04-2025,26783,24458,2325
CCU,25-02-2025,52278,42043,10235
MAA,25-01-2025,26703,15636,11067
CCU,17-12-2025,56683,42177,14506
BLR,20-01-2025,36140,21968,14172
COK,09-01-2025,27995,21643,6352
COK,12-10-2025,51348,40617,10731
PNQ,02-02-2025,44183,36470,7713
MAA,07-11-2025,46833,31837,14996
GOI,16-07-2025,51084,42745,8339
AMD,16-03-2025,26512,15938,10574
PNQ,08-08-2025,21237,13433,7804
HYD,13-07-2025,32406,25475,6931
CCU,10-11-2025,45832,37252,8580
BLR,03-09-2025,18508,12914,5594
GOI,16-01-2025,50006,44460,5546
GOI,11-09-2025,35375,21680,13695
DEL,04-12-2025,42561,39148,3413
PNQ,11-09-2025,54970,42195,12775
AMD,17-07-2025,16278,4925,11353
PNQ,28-12-2025,18624,7823,10801
HYD,21-02-2025,42796,30559,12237
COK,08-03-2025,22633,7788,14845
CCU,27-10-2025,13765,7285,6480
BOM,02-04-2025,24965,13078,11887
AMD,20-11-2025,35782,29031,6751
GOI,01-01-2025,24452,23601,851
PNQ,13-07-2025,15046,2590,12456
MAA,08-06-2025,43473,32975,10498
HYD,20-11-2025,53164,38752,14412
HYD,18-06-2025,5367,3572,1795
CCU,08-06-2025,31083,20794,10289
HYD,22-12-2025,48635,43714,4921
CCU,12-01-2025,34756,29300,5456
AMD,14-12-2025,14629,5962,8667
CCU,07-07-2025,55661,42096,13565
BOM,17-05-2025,31135,27860,3275
HYD,03-01-2025,13935,10906,3029
BLR,21-07-2025,29484,19792,9692
COK,16-07-2025,16948,12111,4837
DEL,08-11-2025,23736,21272,2464
BLR,02-09-2025,17013,14826,2187
BLR,13-01-2025,38518,26467,12051
BOM,19-08-2025,22622,9734,12888
BOM,03-05-2025,20806,18438,2368
BLR,14-08-2025,46138,42127,4011
GOI,09-10-2025,45499,44219,1280
MAA,23-11-2025,32873,31017,1856
BLR,05-10-2025,23981,21064,2917
AMD,28-05-2025,39209,26658,12551
BLR,25-09-2025,49283,37323,11960
GOI,30-10-2025,37571,27601,9970
BLR,23-04-2025,31236,21100,10136
COK,04-03-2025,42482,36410,6072
BLR,18-02-2025,37958,37117,841
AMD,04-03-2025,36746,35823,923
PNQ,01-04-2025,14201,2200,12001
MAA,13-02-2025,37545,28470,9075
PNQ,11-10-2025,38377,23576,14801
CCU,31-10-2025,41151,37869,3282
MAA,24-07-2025,35319,33623,1696
CCU,21-11-2025,27327,21966,5361
CCU,23-04-2025,48266,36316,11950
PNQ,23-06-2025,19562,9869,9693
CCU,05-11-2025,51916,41576,10340
PNQ,02-01-2025,39449,38254,1195
DEL,18-08-2025,44009,31979,12030
DEL,08-01-2025,31995,31213,782
DEL,30-06-2025,31107,20294,10813
CCU,10-07-2025,27710,21078,6632
MAA,14-03-2025,46893,41993,4900
CCU,14-10-2025,49755,40732,9023
COK,26-09-2025,30580,15942,14638
GOI,20-11-2025,28675,23033,5642
DEL,02-12-2025,29593,25276,4317
GOI,06-09-2025,38398,34384,4014
AMD,08-01-2025,12684,11106,1578
MAA,30-04-2025,7135,2689,4446
PNQ,06-02-2025,50528,42053,8475
BOM,07-03-2025,35905,28814,7091
PNQ,30-10-2025,21154,12085,9069
BOM,03-10-2025,20875,7526,13349
COK,29-09-2025,36546,29029,7517
AMD,03-04-2025,18682,7889,10793
HYD,25-01-2025,24106,12483,11623
DEL,20-04-2025,57915,44318,13597
DEL,26-11-2025,12776,6238,6538
DEL,12-02-2025,18464,16490,1974
CCU,28-07-2025,39159,30386,8773
BLR,14-09-2025,19682,11319,8363
BOM,18-03-2025,41691,40183,1508
AMD,25-10-2025,42874,38223,4651
HYD,08-06-2025,43140,40260,2880
COK,13-08-2025,30609,28637,1972
CCU,28-01-2025,20450,18816,1634
GOI,03-03-2025,25098,12672,12426
BLR,03-05-2025,22485,21316,1169
COK,20-09-2025,44737,39492,5245
HYD,04-05-2025,14981,9844,5137
DEL,17-05-2025,27871,17701,10170
BLR,04-04-2025,16357,3793,12564
DEL,22-03-2025,29498,17864,11634
MAA,04-09-2025,43227,41632,1595
HYD,26-01-2025,39848,27644,12204
CCU,27-01-2025,55574,41094,14480
BOM,04-10-2025,36846,30947,5899
HYD,21-12-2025,56355,44352,12003
GOI,02-10-2025,45801,30997,14804
DEL,18-02-2025,14255,8716,5539
CCU,22-03-2025,38881,35420,3461
DEL,29-06-2025,21753,19614,2139
MAA,12-09-2025,28352,21573,6779
BOM,30-08-2025,23435,15313,8122
COK,25-12-2025,23391,16505,6886
BLR,26-06-2025,49539,39813,9726
AMD,02-03-2025,49711,43425,6286
CCU,17-12-2025,31148,19066,12082
COK,21-10-2025,45781,37402,8379
PNQ,30-01-2025,38186,36663,1523
DEL,04-11-2025,48426,38340,10086
HYD,18-02-2025,36198,29118,7080
MAA,14-11-2025,21284,11488,9796
HYD,22-11-2025,39473,31612,7861
HYD,09-12-2025,21452,10291,11161
GOI,27-04-2025,6259,4075,2184
CCU,13-09-2025,41506,33732,7774
MAA,15-09-2025,25653,19925,5728
CCU,17-10-2025,47691,35454,12237
CCU,22-12-2025,23963,22429,1534
MAA,18-06-2025,49953,43879,6074
AMD,10-09-2025,47867,36122,11745
COK,22-07-2025,56299,44735,11564
HYD,11-10-2025,27784,26262,1522
HYD,05-12-2025,23536,18403,5133
GOI,10-05-2025,11185,5462,5723
DEL,16-01-2025,20611,7074,13537
AMD,18-03-2025,39917,25044,14873
BLR,15-12-2025,24680,16369,8311
COK,13-10-2025,36268,26048,10220
AMD,27-06-2025,48162,33844,14318
MAA,16-09-2025,31019,16963,14056
GOI,16-04-2025,49866,41963,7903
CCU,11-01-2025,30414,26337,4077
AMD,09-05-2025,33312,24009,9303
HYD,17-07-2025,16762,4002,12760
PNQ,08-10-2025,22417,10226,12191
DEL,21-01-2025,17004,12986,4018
BLR,23-06-2025,52675,39900,12775
AMD,13-11-2025,53468,41447,12021
COK,22-03-2025,13289,10467,2822
BLR,10-11-2025,41331,39405,1926
BLR,07-07-2025,26595,23602,2993
BOM,24-12-2025,24690,18357,6333
CCU,10-02-2025,15265,11279,3986
BOM,10-07-2025,24354,18270,6084
BOM,29-12-2025,16442,6070,10372
BLR,10-10-2025,43413,35240,8173
DEL,09-01-2025,44899,34451,10448
BLR,08-12-2025,13913,6604,7309
GOI,05-06-2025,13756,12912,844
MAA,09-10-2025,26186,15444,10742
DEL,05-05-2025,46848,37711,9137
HYD,20-04-2025,52764,38946,13818
COK,09-07-2025,40474,39872,602
AMD,25-07-2025,57130,42854,14276
AMD,17-04-2025,44527,39324,5203
BLR,02-10-2025,29529,19101,10428
PNQ,01-06-2025,8318,3232,5086
COK,28-10-2025,39716,36963,2753
AMD,27-12-2025,56199,44120,12079
PNQ,21-02-2025,20701,8011,12690
GOI,24-04-2025,16263,3988,12275
CCU,09-04-2025,24807,14800,10007
CCU,21-10-2025,49284,39280,10004
BLR,25-03-2025,14110,12177,1933
GOI,30-07-2025,48339,37260,11079
DEL,10-01-2025,23402,21973,1429
DEL,03-02-2025,11699,8514,3185
GOI,02-07-2025,6399,2519,3880
PNQ,08-10-2025,17657,4749,12908
PNQ,21-05-2025,42356,28424,13932
AMD,17-04-2025,43681,36460,7221
COK,23-11-2025,23449,18401,5048
MAA,02-06-2025,27083,25982,1101
CCU,22-06-2025,19913,15332,4581
PNQ,09-01-2025,27350,23260,4090
MAA,23-01-2025,44147,33168,10979
CCU,07-04-2025,30179,24161,6018
AMD,31-03-2025,30015,19365,10650
AMD,21-01-2025,19103,6994,12109
CCU,11-10-2025,40652,29228,11424
COK,25-07-2025,40330,30594,9736
COK,02-11-2025,29706,28652,1054
DEL,29-09-2025,38374,23964,14410
MAA,27-05-2025,29371,19039,10332
HYD,13-08-2025,39157,34602,4555
CCU,14-09-2025,35970,26930,9040
BOM,14-04-2025,28007,26172,1835
BLR,28-10-2025,51198,41958,9240
BLR,10-11-2025,53519,42741,10778
COK,10-09-2025,56601,42480,14121
DEL,07-07-2025,37118,36331,787
AMD,25-03-2025,19932,5653,14279
BOM,26-03-2025,14872,6942,7930
AMD,01-12-2025,35316,23481,11835
HYD,21-11-2025,37627,22833,14794
BLR,08-06-2025,15413,12464,2949
PNQ,04-02-2025,51575,38813,12762
AMD,14-03-2025,35485,27053,8432
BOM,28-07-2025,31139,21519,9620
AMD,10-09-2025,26922,15333,11589
DEL,05-10-2025,36019,27622,8397
COK,29-07-2025,8187,7404,783
MAA,10-01-2025,11286,8704,2582
HYD,10-11-2025,28176,18438,9738
AMD,22-02-2025,18808,7019,11789
HYD,24-04-2025,19721,8168,11553
DEL,27-06-2025,38269,37020,1249
GOI,24-05-2025,20676,14372,6304
HYD,09-06-2025,41348,30562,10786
PNQ,23-03-2025,46598,43559,3039
PNQ,28-02-2025,44322,39172,5150
BOM,09-12-2025,18129,14849,3280
BOM,21-10-2025,33243,32481,762
PNQ,20-02-2025,26794,21375,5419
AMD,06-09-2025,25369,11391,13978
PNQ,04-02-2025,5273,3913,1360
GOI,18-09-2025,21171,11191,9980
BLR,13-05-2025,27718,24524,3194
CCU,12-07-2025,47025,40549,6476
BLR,05-06-2025,45603,39998,5605
GOI,05-10-2025,24686,16421,8265
BOM,07-03-2025,47489,41814,5675
AMD,12-11-2025,31166,18038,13128
CCU,05-10-2025,37240,32858,4382
MAA,30-01-2025,13745,6524,7221
CCU,14-03-2025,40633,31812,8821
PNQ,21-10-2025,37889,27084,10805
HYD,11-09-2025,38144,26457,11687
AMD,03-11-2025,46731,41966,4765
DEL,18-04-2025,19805,11096,8709
BLR,14-01-2025,46746,41026,5720
HYD,09-12-2025,23774,9151,14623
DEL,17-05-2025,25860,24544,1316
CCU,24-06-2025,26336,21340,4996
AMD,23-10-2025,37200,22959,14241
PNQ,30-04-2025,31146,22452,8694
CCU,09-07-2025,17667,15111,2556
MAA,04-11-2025,30780,28887,1893
BOM,07-12-2025,22583,10429,12154
BLR,06-06-2025,50175,36856,13319
BOM,25-11-2025,35221,27305,7916
DEL,07-11-2025,35969,22248,13721
GOI,18-04-2025,11318,10214,1104
BOM,28-03-2025,35201,25706,9495
AMD,01-10-2025,12165,8451,3714
AMD,13-12-2025,27419,17951,9468
CCU,21-05-2025,24078,23558,520
DEL,18-09-2025,37555,23394,14161
GOI,20-01-2025,43691,33135,10556
AMD,26-08-2025,40712,27874,12838
AMD,05-10-2025,31036,28003,3033
GOI,19-06-2025,21311,12481,8830
MAA,25-06-2025,43347,41460,1887
GOI,26-08-2025,43856,34468,9388
GOI,23-04-2025,33555,24644,8911
BOM,19-02-2025,50698,39548,11150
BLR,22-12-2025,46092,38751,7341
DEL,18-04-2025,20849,6822,14027
HYD,04-01-2025,9071,3716,5355
PNQ,12-03-2025,33157,27547,5610
PNQ,10-01-2025,23710,21472,2238
GOI,27-04-2025,5304,4047,1257
HYD,22-05-2025,24598,13020,11578
GOI,05-11-2025,14990,2508,12482
HYD,29-11-2025,35671,33999,1672
BLR,13-08-2025,47436,37201,10235
BOM,27-12-2025,23394,22761,633
HYD,05-04-2025,44949,37869,7080
DEL,24-01-2025,57406,44795,12611
BLR,23-08-2025,42479,37814,4665
AMD,11-04-2025,9173,4135,5038
CCU,12-01-2025,43574,41338,2236
COK,29-03-2025,39676,32790,6886
AMD,01-07-2025,12276,7043,5233
HYD,16-02-2025,34197,23029,11168
CCU,05-09-2025,22508,12054,10454
COK,25-02-2025,21137,6322,14815
DEL,22-03-2025,29734,16449,13285
COK,18-04-2025,15939,3466,12473
COK,16-09-2025,30087,23251,6836
MAA,20-01-2025,43229,40062,3167
MAA,29-05-2025,30482,15770,14712
CCU,29-04-2025,36990,28324,8666
BLR,16-11-2025,18311,6889,11422
AMD,14-08-2025,4432,2724,1708
BLR,19-08-2025,40282,32092,8190
PNQ,05-04-2025,48880,37558,11322
HYD,19-10-2025,30954,24134,6820
CCU,03-02-2025,35555,22623,12932
HYD,16-03-2025,42243,36308,5935
BOM,08-05-2025,43685,40721,2964
MAA,10-11-2025,33194,22615,10579
BLR,30-01-2025,26066,18529,7537
DEL,04-12-2025,16614,8279,8335
PNQ,28-08-2025,45524,42791,2733
AMD,05-10-2025,44602,31139,13463
BLR,29-06-2025,47647,41463,6184
COK,21-05-2025,22975,8735,14240
AMD,06-04-2025,5102,2305,2797
BOM,17-01-2025,52008,40247,11761
GOI,21-01-2025,34177,24466,9711
GOI,17-03-2025,35455,21510,13945
DEL,23-12-2025,27002,24979,2023
PNQ,24-09-2025,32134,20557,11577
BLR,25-02-2025,32213,30994,1219
AMD,21-12-2025,11409,5273,6136
HYD,13-11-2025,8578,6006,2572
HYD,15-04-2025,26293,18983,7310
BLR,22-06-2025,33905,27166,6739
AMD,22-04-2025,44124,34707,9417
AMD,23-02-2025,27527,19552,7975
DEL,03-01-2025,18533,11555,6978
COK,28-02-2025,42877,41175,1702
BOM,21-06-2025,16857,12779,4078
CCU,09-04-2025,10164,5276,4888
COK,21-07-2025,34557,21032,13525
MAA,16-09-2025,13630,5458,8172
BLR,05-07-2025,48043,36830,11213
BLR,10-03-2025,38619,31198,7421
MAA,29-07-2025,12884,2346,10538
BLR,04-09-2025,38454,33339,5115
AMD,03-06-2025,12796,7158,5638
DEL,01-12-2025,51784,41830,9954
COK,19-12-2025,44907,33554,11353
BOM,12-07-2025,23990,23280,710
BOM,28-02-2025,39272,24640,14632
DEL,18-12-2025,23741,21952,1789
BLR,09-10-2025,23111,13410,9701
DEL,13-06-2025,28388,24392,3996
HYD,02-09-2025,46414,37579,8835
BLR,26-08-2025,41150,39883,1267
GOI,07-11-2025,21010,17491,3519
HYD,23-04-2025,40529,32411,8118
COK,18-01-2025,19809,13978,5831
DEL,24-07-2025,52474,43804,8670
BOM,27-01-2025,24617,11967,12650
BOM,29-11-2025,40247,37860,2387
GOI,06-01-2025,27263,15888,11375
MAA,14-02-2025,29229,23940,5289
COK,12-01-2025,36894,33042,3852
HYD,18-02-2025,37628,34053,3575
GOI,11-12-2025,19816,8832,10984
GOI,15-03-2025,13258,11200,2058
CCU,24-09-2025,51555,40105,11450
BLR,14-02-2025,27725,15289,12436
BLR,05-03-2025,19815,14692,5123
MAA,16-04-2025,26067,24082,1985
BLR,28-11-2025,47962,33654,14308
GOI,10-07-2025,42020,38757,3263
PNQ,23-08-2025,16525,6245,10280
CCU,23-02-2025,50411,38783,11628
BLR,04-06-2025,42750,28828,13922
AMD,23-02-2025,29376,24381,4995
PNQ,07-04-2025,14945,12785,2160
BLR,20-03-2025,34668,26531,8137
PNQ,10-02-2025,23013,10427,12586
COK,01-05-2025,31177,25736,5441
HYD,29-08-2025,43081,33614,9467
AMD,06-05-2025,14634,12892,1742
COK,10-05-2025,47546,34250,13296
DEL,11-11-2025,30767,23613,7154
PNQ,12-07-2025,21022,19075,1947
MAA,17-02-2025,24121,15245,8876
BLR,22-10-2025,40084,30948,9136
DEL,24-01-2025,35801,31914,3887
CCU,26-10-2025,51290,36890,14400
BOM,29-09-2025,24452,19232,5220
CCU,14-07-2025,57243,42941,14302
MAA,28-01-2025,25932,19484,6448
GOI,18-01-2025,44497,37763,6734
MAA,27-05-2025,47913,39715,8198
MAA,05-04-2025,19697,10942,8755
MAA,11-10-2025,38857,27236,11621
PNQ,09-01-2025,45811,32976,12835
HYD,05-06-2025,54263,44358,9905
AMD,27-09-2025,16585,15461,1124
PNQ,08-01-2025,21887,14498,7389
HYD,28-01-2025,29444,24879,4565
PNQ,18-09-2025,19049,15737,3312
DEL,24-01-2025,22723,10911,11812
PNQ,18-05-2025,38272,26620,11652
GOI,09-12-2025,43316,28621,14695
PNQ,11-12-2025,49650,44100,5550
HYD,13-07-2025,12686,8577,4109
MAA,09-09-2025,48089,37247,10842
PNQ,28-12-2025,47171,38951,8220
HYD,13-09-2025,21973,19063,2910
COK,05-10-2025,15968,8723,7245
COK,25-10-2025,17838,17226,612
CCU,06-08-2025,43632,32472,11160
MAA,23-03-2025,3814,2698,1116
MAA,28-05-2025,28592,22250,6342
COK,24-09-2025,36266,34822,1444
GOI,04-12-2025,44130,31153,12977
GOI,08-12-2025,34322,27379,6943
BLR,12-02-2025,51709,42719,8990
GOI,20-07-2025,18089,7203,10886
BLR,29-10-2025,23189,9510,13679
COK,13-09-2025,44614,31820,12794
BOM,08-08-2025,26688,23471,3217
PNQ,31-03-2025,30530,24246,6284
BLR,20-07-2025,14219,3587,10632
AMD,06-08-2025,35841,32515,3326
HYD,03-12-2025,36264,34706,1558
HYD,25-10-2025,10133,5823,4310
HYD,26-07-2025,17600,14563,3037
PNQ,16-12-2025,14657,13670,987
HYD,21-05-2025,14045,10228,3817
COK,17-04-2025,40382,38731,1651
CCU,23-05-2025,52724,38720,14004
AMD,01-12-2025,22637,8435,14202
HYD,02-03-2025,25573,13619,11954
MAA,05-10-2025,28190,13496,14694
MAA,09-05-2025,47967,35534,12433
PNQ,01-06-2025,21463,17104,4359
BLR,07-04-2025,38093,26918,11175
COK,25-07-2025,45537,33819,11718
DEL,26-07-2025,33701,19798,13903
HYD,08-02-2025,40835,31299,9536
CCU,02-10-2025,14970,5571,9399
MAA,21-09-2025,29236,21840,7396
GOI,22-09-2025,32343,21021,11322
DEL,29-09-2025,43071,29468,13603
CCU,01-07-2025,11039,5178,5861
CCU,15-06-2025,28823,28226,597
DEL,15-07-2025,6227,3534,2693
GOI,26-02-2025,49787,44514,5273
PNQ,19-05-2025,15823,4551,11272
COK,09-03-2025,9017,5392,3625
BOM,30-06-2025,53049,38442,14607
CCU,05-10-2025,47623,35633,11990
CCU,02-01-2025,25755,16244,9511
BLR,21-11-2025,41657,27375,14282
AMD,12-11-2025,30192,16474,13718
MAA,24-03-2025,46555,40959,5596
BOM,22-12-2025,15015,11221,3794
HYD,10-08-2025,16234,11861,4373
BOM,06-02-2025,43048,30145,12903
PNQ,03-04-2025,15165,11618,3547
COK,18-04-2025,38557,37082,1475
CCU,31-01-2025,18161,14636,3525
DEL,13-01-2025,27091,14827,12264
MAA,03-10-2025,12735,8296,4439
MAA,30-05-2025,24293,15413,8880
PNQ,28-01-2025,16591,9820,6771
CCU,04-02-2025,43063,41141,1922
HYD,24-04-2025,33082,18440,14642
PNQ,09-03-2025,38518,24527,13991
GOI,09-08-2025,37305,31664,5641
AMD,25-12-2025,52659,40817,11842
COK,27-10-2025,24925,21764,3161
BLR,28-05-2025,9820,7040,2780
AMD,27-01-2025,7532,3134,4398
COK,18-12-2025,11354,3833,7521
MAA,26-08-2025,52935,38440,14495
AMD,12-11-2025,22195,10296,11899
AMD,14-01-2025,33237,18497,14740
GOI,10-07-2025,22580,14515,8065
CCU,10-06-2025,50595,44148,6447
AMD,08-03-2025,9952,8254,1698
AMD,11-10-2025,29407,27881,1526
CCU,17-08-2025,36301,23842,12459
DEL,18-12-2025,34376,25359,9017
BOM,10-05-2025,6616,4986,1630
DEL,03-07-2025,24281,16664,7617
AMD,20-06-2025,11600,10543,1057
PNQ,12-10-2025,14843,7894,6949
BLR,01-04-2025,42416,40043,2373
CCU,19-12-2025,5344,3707,1637
CCU,05-06-2025,42330,34470,7860
MAA,08-05-2025,34980,23278,11702
COK,12-05-2025,13582,8945,4637
HYD,08-07-2025,36067,22668,13399
BOM,23-01-2025,19960,5310,14650
BOM,26-09-2025,21103,14913,6190
DEL,10-03-2025,45336,44244,1092
DEL,27-04-2025,35764,30408,5356
HYD,23-07-2025,41944,26954,14990
MAA,02-07-2025,24875,15869,9006
PNQ,27-05-2025,32772,31557,1215
MAA,05-06-2025,48001,37079,10922
AMD,30-06-2025,51614,38715,12899
PNQ,23-05-2025,17182,14373,2809
CCU,02-08-2025,13148,12030,1118
DEL,12-04-2025,16769,5835,10934
COK,29-08-2025,26644,13012,13632
PNQ,13-08-2025,30227,17460,12767
GOI,27-11-2025,34896,21654,13242
BOM,03-02-2025,36131,32746,3385
COK,06-01-2025,37142,35059,2083
MAA,27-01-2025,33031,23063,9968
BLR,07-08-2025,19082,12853,6229
MAA,02-08-2025,13386,11273,2113
DEL,12-04-2025,16766,9844,6922
HYD,04-08-2025,30642,18057,12585
MAA,14-02-2025,45166,38570,6596
BOM,21-07-2025,19383,15325,4058
HYD,14-06-2025,17441,14538,2903
AMD,17-08-2025,42335,40308,2027
AMD,01-05-2025,12928,3726,9202
MAA,18-05-2025,43919,36667,7252
MAA,15-03-2025,56566,44241,12325
HYD,18-03-2025,51339,44838,6501
AMD,15-01-2025,54990,41489,13501
HYD,12-11-2025,20823,7776,13047
AMD,15-05-2025,33843,21804,12039
BLR,24-05-2025,43872,31557,12315
GOI,27-12-2025,37127,29750,7377
COK,21-06-2025,15420,12603,2817
BOM,23-01-2025,43347,40135,3212
CCU,07-08-2025,12098,6969,5129
GOI,29-06-2025,35079,31987,3092
GOI,31-12-2025,13581,3730,9851
COK,30-03-2025,46367,40231,6136
MAA,21-04-2025,20977,16533,4444
BLR,17-05-2025,18472,3805,14667
AMD,08-03-2025,23713,21098,2615
BOM,20-04-2025,38229,25199,13030
BOM,29-03-2025,37226,22681,14545
AMD,19-04-2025,21907,8435,13472
PNQ,17-01-2025,48910,34397,14513
DEL,04-01-2025,24417,16337,8080
COK,01-11-2025,22195,21352,843
PNQ,31-07-2025,31679,22935,8744
BLR,13-03-2025,19572,14943,4629
COK,30-09-2025,37470,28861,8609
BOM,21-04-2025,33058,24765,8293
MAA,20-04-2025,25588,17345,8243
HYD,13-02-2025,11058,10094,964
GOI,13-05-2025,36881,35666,1215
COK,19-07-2025,17187,8861,8326
CCU,24-03-2025,37080,29000,8080
PNQ,10-05-2025,22416,7735,14681
DEL,13-01-2025,38910,27656,11254
COK,26-05-2025,18857,5007,13850
GOI,06-11-2025,46604,39614,6990
BLR,15-07-2025,31299,26140,5159
GOI,09-09-2025,37372,23805,13567
BLR,09-12-2025,13180,6747,6433
AMD,03-03-2025,31327,19099,12228
GOI,06-07-2025,43044,31152,11892
AMD,16-11-2025,13823,11158,2665
GOI,01-06-2025,32678,29672,3006
COK,01-03-2025,19852,9174,10678
COK,29-09-2025,15228,9515,5713
MAA,23-03-2025,54726,42491,12235
BOM,13-06-2025,24902,22590,2312
PNQ,24-10-2025,21877,10085,11792
AMD,09-09-2025,18073,15326,2747
COK,25-06-2025,14526,10766,3760
AMD,11-09-2025,19958,8156,11802
BLR,28-03-2025,16564,12456,4108
BLR,23-04-2025,23452,10548,12904
MAA,21-12-2025,45288,35761,9527
COK,21-06-2025,19034,14862,4172
COK,28-05-2025,43067,31657,11410
AMD,18-10-2025,53028,41812,11216
MAA,21-08-2025,47717,33987,13730
COK,24-03-2025,13917,12398,1519
AMD,22-10-2025,17722,13598,4124
GOI,07-08-2025,42121,32247,9874
AMD,03-06-2025,46584,33025,13559
MAA,03-04-2025,18201,15449,2752
BLR,21-08-2025,35533,22832,12701
BLR,30-07-2025,17032,5425,11607
GOI,11-11-2025,24066,13961,10105
GOI,05-11-2025,57531,43914,13617
HYD,29-08-2025,13612,4469,9143
HYD,31-01-2025,32265,30809,1456
BLR,30-01-2025,38834,31206,7628
DEL,19-05-2025,43554,31217,12337
PNQ,26-03-2025,52179,41698,10481
AMD,22-08-2025,16177,11562,4615
HYD,29-01-2025,11038,5313,5725
AMD,19-05-2025,32924,23536,9388
HYD,01-10-2025,17281,6362,10919
GOI,10-12-2025,16710,3550,13160
BLR,08-11-2025,27380,24356,3024
PNQ,03-04-2025,24480,23845,635
PNQ,15-11-2025,29811,16479,13332
BOM,02-12-2025,24564,10633,13931
CCU,15-11-2025,10554,8102,2452
GOI,09-11-2025,36688,34223,2465
HYD,22-02-2025,46803,41678,5125
BOM,02-12-2025,28991,17051,11940
BOM,10-02-2025,47267,36816,10451
BOM,25-12-2025,52920,39787,13133
AMD,06-06-2025,33585,20792,12793
AMD,14-10-2025,17956,9075,8881
DEL,15-12-2025,16573,13343,3230
COK,15-02-2025,50431,41552,8879
PNQ,25-01-2025,39624,28474,11150
GOI,18-06-2025,15286,9501,5785
PNQ,27-09-2025,47955,33038,14917
COK,14-02-2025,27311,25948,1363
MAA,24-03-2025,39932,33078,6854
GOI,21-05-2025,53880,43686,10194
GOI,21-08-2025,48547,37239,11308
COK,09-10-2025,39244,29754,9490
COK,29-03-2025,37173,33205,3968
BLR,26-01-2025,34140,21213,12927
AMD,15-03-2025,29461,28543,918
GOI,04-04-2025,30364,18991,11373
CCU,09-05-2025,58086,44199,13887
DEL,06-11-2025,42198,34731,7467
AMD,22-08-2025,44214,36118,8096
AMD,28-02-2025,15375,7439,7936
GOI,15-07-2025,53000,38113,14887
PNQ,14-12-2025,46182,35233,10949
CCU,20-06-2025,20343,14664,5679
BLR,10-09-2025,39478,38977,501
PNQ,17-08-2025,49720,35822,13898
AMD,21-12-2025,36680,24774,11906
MAA,05-07-2025,23816,11888,11928
BOM,13-07-2025,39410,27649,11761
BLR,16-05-2025,44511,34852,9659
HYD,24-06-2025,32430,18097,14333
BOM,03-11-2025,29492,19912,9580
AMD,21-10-2025,31342,24468,6874
BOM,12-01-2025,47383,33739,13644
GOI,07-05-2025,27549,14303,13246
DEL,26-06-2025,45733,39286,6447
AMD,14-06-2025,31458,18632,12826
AMD,08-12-2025,40970,39591,1379
DEL,03-05-2025,47128,37008,10120
GOI,10-12-2025,14491,8596,5895
DEL,25-04-2025,31576,21135,10441
BOM,30-09-2025,25703,21048,4655
HYD,15-03-2025,10301,9272,1029
BLR,30-12-2025,32329,29332,2997
BLR,01-03-2025,29439,25811,3628
BOM,17-10-2025,51483,43834,7649
DEL,30-06-2025,14144,8070,6074
HYD,29-07-2025,12938,6607,6331
BOM,01-07-2025,39591,26445,13146
MAA,16-12-2025,37115,30624,6491
CCU,05-09-2025,46093,38007,8086
GOI,14-02-2025,45679,30845,14834
GOI,11-01-2025,35593,24422,11171
BOM,30-08-2025,20616,18682,1934
BOM,08-11-2025,22886,12068,10818
BOM,05-02-2025,46688,33717,12971
DEL,28-01-2025,30821,21862,8959
DEL,10-03-2025,50616,42639,7977
GOI,24-01-2025,38258,31781,6477
CCU,05-08-2025,52344,39061,13283
GOI,08-02-2025,24513,17011,7502
BLR,07-11-2025,30789,20611,10178
COK,04-08-2025,48145,38255,9890
PNQ,04-06-2025,40517,25854,14663
DEL,15-08-2025,26814,13339,13475
BLR,02-05-2025,8341,7261,1080
CCU,03-04-2025,18946,14435,4511
BOM,01-04-2025,31588,24646,6942
CCU,11-05-2025,11096,3177,7919
GOI,18-09-2025,12828,6459,6369
HYD,01-07-2025,35798,21055,14743
GOI,26-10-2025,27064,24390,2674
BLR,08-03-2025,22308,21285,1023
AMD,12-11-2025,36292,21782,14510
CCU,19-03-2025,10866,9515,1351
BOM,02-03-2025,31056,29119,1937
COK,25-06-2025,22012,11480,10532
GOI,31-03-2025,23577,11837,11740
AMD,22-07-2025,26661,21657,5004
PNQ,18-09-2025,34467,23652,10815
PNQ,04-02-2025,28834,27976,858
CCU,25-03-2025,15715,11079,4636
GOI,05-10-2025,38835,37579,1256
HYD,28-12-2025,55108,43655,11453
BLR,27-12-2025,40557,31131,9426
AMD,11-11-2025,18851,5153,13698
COK,06-09-2025,39143,27606,11537
COK,13-01-2025,51870,40768,11102
AMD,09-04-2025,38307,37449,858
AMD,04-02-2025,28174,21203,6971
HYD,27-12-2025,31240,22725,8515
AMD,30-01-2025,14711,10362,4349
PNQ,12-05-2025,15628,13763,1865
BLR,07-05-2025,40030,32668,7362
PNQ,13-09-2025,23359,21979,1380
MAA,05-11-2025,19498,5180,14318
BLR,11-03-2025,50114,43612,6502
CCU,18-04-2025,28466,17664,10802
DEL,16-11-2025,24417,13956,10461
MAA,27-07-2025,23035,15068,7967
BOM,03-01-2025,42014,39552,2462
GOI,04-11-2025,23272,18304,4968
CCU,17-01-2025,21401,12986,8415
AMD,12-02-2025,39153,24776,14377
MAA,22-02-2025,19402,6665,12737
AMD,02-03-2025,20254,13662,6592
HYD,23-05-2025,38941,32875,6066
GOI,05-01-2025,39017,30558,8459
COK,14-12-2025,20338,5953,14385
CCU,23-05-2025,12486,7036,5450
GOI,02-05-2025,29244,21557,7687
DEL,23-06-2025,18485,17223,1262
BOM,28-08-2025,45445,31941,13504
MAA,08-11-2025,32291,20393,11898
MAA,29-08-2025,53107,40030,13077
MAA,15-11-2025,29178,24756,4422
COK,20-01-2025,21025,15300,5725
COK,15-01-2025,35298,30323,4975
AMD,27-02-2025,50859,41574,9285
BLR,17-08-2025,33236,25364,7872
PNQ,10-06-2025,23930,19020,4910
AMD,11-12-2025,39229,24233,14996
COK,21-02-2025,45463,43721,1742
BLR,14-03-2025,26705,25096,1609
CCU,30-05-2025,24702,18079,6623
BLR,26-01-2025,9558,2580,6978
CCU,21-01-2025,22044,13463,8581
AMD,04-05-2025,17770,10087,7683
HYD,09-11-2025,45623,43373,2250
BOM,27-02-2025,17192,9355,7837
HYD,26-10-2025,16097,12881,3216
CCU,26-01-2025,16205,4050,12155
CCU,10-09-2025,18309,5776,12533
AMD,16-05-2025,22744,10257,12487
DEL,06-03-2025,7275,2069,5206
AMD,06-11-2025,39215,29036,10179
AMD,02-04-2025,35930,30917,5013
CCU,09-04-2025,24361,12037,12324
MAA,19-02-2025,32919,30107,2812
DEL,09-04-2025,45432,44602,830
MAA,12-12-2025,23680,17462,6218
BLR,21-01-2025,40534,38049,2485
BLR,20-11-2025,30550,18196,12354
HYD,15-01-2025,36758,32843,3915
COK,08-06-2025,16159,13543,2616
BOM,17-06-2025,31441,23382,8059
GOI,08-01-2025,45229,40243,4986
HYD,14-03-2025,35871,28856,7015
BOM,17-08-2025,17591,6519,11072
GOI,13-05-2025,43236,33796,9440
PNQ,13-06-2025,38144,29061,9083
BOM,13-09-2025,3341,2678,663
PNQ,21-02-2025,48080,37932,10148
DEL,19-09-2025,43744,43116,628
COK,25-05-2025,19324,15779,3545
AMD,08-07-2025,28421,20260,8161
HYD,21-03-2025,25492,15463,10029
GOI,30-06-2025,35426,28676,6750
HYD,22-11-2025,32190,27702,4488
BLR,21-12-2025,37247,34288,2959
AMD,24-02-2025,37944,33011,4933
MAA,28-01-2025,44714,37808,6906
COK,08-06-2025,27006,16897,10109
CCU,30-10-2025,57682,43643,14039
PNQ,09-01-2025,17611,15062,2549
HYD,09-09-2025,39534,34588,4946
DEL,02-11-2025,16892,8367,8525
CCU,11-01-2025,44035,34659,9376
BOM,25-06-2025,25193,21567,3626
PNQ,17-08-2025,12149,6821,5328
PNQ,02-07-2025,15623,4102,11521
CCU,10-12-2025,38373,25524,12849
AMD,02-02-2025,28013,26522,1491
AMD,15-05-2025,16435,14992,1443
BLR,28-11-2025,52093,40876,11217
CCU,06-01-2025,38227,27116,11111
DEL,12-08-2025,41462,26609,14853
BOM,07-12-2025,9522,6000,3522
CCU,17-05-2025,38493,33132,5361
DEL,10-04-2025,27380,23394,3986
DEL,27-12-2025,49845,38319,11526
HYD,05-06-2025,37729,36891,838
AMD,25-10-2025,36468,26319,10149
DEL,19-01-2025,14949,13930,1019
AMD,07-10-2025,33517,18667,14850
COK,16-03-2025,53901,41930,11971
CCU,09-03-2025,48103,37910,10193
DEL,29-03-2025,46987,38710,8277
DEL,01-09-2025,16833,12181,4652
HYD,16-05-2025,32969,25124,7845
BLR,08-11-2025,20967,20194,773
BOM,12-05-2025,31712,18305,13407
CCU,10-10-2025,9474,2593,6881
BLR,10-12-2025,10597,3105,7492
COK,05-12-2025,20909,18516,2393
BOM,01-10-2025,2985,2017,968
PNQ,07-01-2025,28901,24126,4775
COK,09-02-2025,50199,44046,6153
AMD,10-04-2025,48907,43796,5111
AMD,10-10-2025,39387,34030,5357
AMD,23-10-2025,30838,27662,3176
AMD,10-11-2025,29006,19093,9913
CCU,25-07-2025,54351,43505,10846
AMD,08-05-2025,15158,10966,4192
AMD,12-10-2025,21528,6936,14592
BLR,11-01-2025,13369,8678,4691
HYD,17-10-2025,15843,5674,10169
BOM,31-07-2025,46536,38528,8008
AMD,24-11-2025,21522,9840,11682
COK,05-06-2025,35035,20207,14828
MAA,09-02-2025,21347,18878,2469
COK,16-11-2025,55849,42215,13634
AMD,30-11-2025,31294,28741,2553
AMD,16-02-2025,24530,16222,8308
BOM,09-12-2025,32314,21867,10447
BLR,01-12-2025,19001,7157,11844
BLR,18-03-2025,46404,32234,14170
AMD,09-07-2025,46531,38897,7634
DEL,01-05-2025,44075,32496,11579
COK,09-01-2025,41727,33454,8273
AMD,11-12-2025,7059,3041,4018
COK,24-11-2025,32964,18818,14146
GOI,21-03-2025,17349,2438,14911
HYD,15-05-2025,50550,37273,13277
CCU,13-06-2025,5503,4044,1459
PNQ,15-06-2025,41587,39177,2410
GOI,16-04-2025,53570,42780,10790
GOI,26-04-2025,41165,27607,13558
GOI,14-07-2025,35984,23909,12075
PNQ,30-03-2025,24091,14796,9295
DEL,17-05-2025,9681,3314,6367
CCU,20-03-2025,19858,14966,4892
BOM,09-06-2025,51559,43189,8370
COK,20-10-2025,36013,29575,6438
AMD,14-03-2025,44342,41692,2650
BLR,15-01-2025,24436,12943,11493
BOM,25-02-2025,10385,6523,3862
COK,09-11-2025,17344,16413,931
MAA,22-11-2025,11971,9331,2640
MAA,29-04-2025,29443,25273,4170
PNQ,15-10-2025,45311,40292,5019
AMD,25-05-2025,53863,41595,12268
DEL,08-02-2025,16822,2635,14187
DEL,04-05-2025,26199,20650,5549
MAA,13-01-2025,37250,29799,7451
GOI,20-11-2025,53304,44008,9296
GOI,16-08-2025,31309,29107,2202
BOM,10-08-2025,28398,20260,8138
GOI,12-10-2025,37360,32296,5064
AMD,28-09-2025,14144,7651,6493
DEL,23-11-2025,17730,3616,14114
COK,21-07-2025,44704,37457,7247
COK,01-07-2025,15164,8050,7114
PNQ,14-04-2025,14258,4368,9890
BLR,13-01-2025,5497,4453,1044
PNQ,10-05-2025,18469,14600,3869
BLR,11-03-2025,47033,42986,4047
HYD,20-10-2025,26559,12452,14107
GOI,08-08-2025,36749,27918,8831
CCU,12-09-2025,33207,18370,14837
BLR,07-03-2025,26706,18024,8682
GOI,21-08-2025,26818,19501,7317
COK,23-05-2025,21012,15613,5399
GOI,03-01-2025,25270,21882,3388
GOI,18-08-2025,33845,28444,5401
AMD,15-08-2025,51783,39029,12754
COK,10-09-2025,34081,30106,3975
BLR,27-04-2025,44250,37877,6373
DEL,14-07-2025,21616,8909,12707
HYD,12-10-2025,37377,28552,8825
BOM,27-11-2025,38411,31452,6959
GOI,15-10-2025,15049,3458,11591
MAA,21-06-2025,42956,39772,3184
PNQ,20-12-2025,49104,38775,10329
GOI,07-04-2025,14812,7649,7163
BOM,28-03-2025,39866,25101,14765
DEL,21-11-2025,51456,37533,13923
MAA,22-05-2025,45400,34827,10573
COK,07-11-2025,57502,42781,14721
COK,03-08-2025,37898,32438,5460
PNQ,27-06-2025,30009,20259,9750
BOM,18-04-2025,50619,43981,6638
BOM,07-10-2025,39187,25813,13374
DEL,29-12-2025,42781,33981,8800
COK,14-10-2025,42695,31919,10776
CCU,22-09-2025,15748,8982,6766
CCU,24-09-2025,33049,23694,9355
GOI,19-02-2025,38131,24845,13286
MAA,15-01-2025,49004,39779,9225
AMD,30-07-2025,39463,33350,6113
BOM,30-04-2025,49472,36694,12778
DEL,20-04-2025,36218,31388,4830
MAA,21-07-2025,11876,10636,1240
BOM,01-04-2025,9273,4931,4342
MAA,21-12-2025,57248,43910,13338
DEL,10-01-2025,8194,4539,3655
HYD,27-10-2025,26380,23155,3225
BLR,03-05-2025,54418,43063,11355
PNQ,28-04-2025,46013,43147,2866
HYD,02-02-2025,40339,29915,10424
HYD,04-02-2025,35275,31083,4192
GOI,03-06-2025,55436,40961,14475
COK,23-11-2025,18575,6323,12252
BOM,03-07-2025,41411,34470,6941
BOM,03-01-2025,16438,3037,13401
DEL,27-09-2025,37625,22953,14672
COK,28-02-2025,20605,10675,9930
HYD,17-02-2025,24719,21926,2793
BOM,27-11-2025,52582,38147,14435
CCU,20-09-2025,56359,44561,11798
GOI,27-07-2025,49715,39930,9785
BOM,27-08-2025,38589,37959,630
HYD,28-06-2025,36872,26050,10822
DEL,13-12-2025,49877,38786,11091
HYD,18-10-2025,35748,21162,14586
DEL,01-12-2025,35253,32603,2650
PNQ,06-10-2025,41320,29353,11967
PNQ,16-08-2025,39885,30667,9218
DEL,22-09-2025,36710,28511,8199
MAA,26-09-2025,39433,25968,13465
DEL,23-01-2025,22895,11428,11467
COK,01-12-2025,10219,2519,7700
HYD,25-09-2025,27063,21135,5928
GOI,24-05-2025,36630,34312,2318
AMD,10-12-2025,54131,40512,13619
MAA,29-07-2025,22511,16147,6364
MAA,10-09-2025,29522,15105,14417
BOM,26-04-2025,22400,8796,13604
DEL,14-12-2025,18373,13623,4750
BLR,20-12-2025,32611,22892,9719
GOI,05-08-2025,20631,7107,13524
AMD,01-05-2025,36537,31494,5043
CCU,30-01-2025,40228,26989,13239
HYD,02-10-2025,35540,34713,827
BLR,09-10-2025,33076,20053,13023
DEL,30-04-2025,28315,25890,2425
PNQ,29-11-2025,37860,36478,1382
CCU,03-10-2025,18273,5611,12662
AMD,28-03-2025,34513,21691,12822
COK,25-10-2025,18743,10463,8280
BLR,27-05-2025,37368,29151,8217
GOI,24-04-2025,20325,15256,5069
GOI,20-06-2025,20418,16540,3878
CCU,30-04-2025,31423,19350,12073
AMD,18-09-2025,27770,26640,1130
BLR,18-03-2025,14475,2849,11626
BLR,28-02-2025,43852,40666,3186
AMD,15-07-2025,23647,15445,8202
DEL,23-06-2025,38852,34093,4759
BOM,23-12-2025,23458,17234,6224
HYD,15-01-2025,34774,20231,14543
CCU,15-02-2025,37531,26588,10943
BOM,21-01-2025,6813,3281,3532
AMD,18-08-2025,53505,41138,12367
PNQ,07-10-2025,16151,7483,8668
HYD,12-12-2025,20312,6442,13870
CCU,09-05-2025,35013,29580,5433
BLR,07-03-2025,15441,12305,3136
MAA,25-05-2025,18452,14526,3926
MAA,01-05-2025,23121,9735,13386
COK,31-10-2025,31265,22115,9150
BLR,09-11-2025,10633,7616,3017
COK,09-11-2025,17136,2709,14427
DEL,03-08-2025,11614,6552,5062
COK,27-05-2025,22359,9130,13229
COK,04-03-2025,23101,9281,13820
DEL,30-06-2025,48019,38161,9858
BOM,06-07-2025,28950,22727,6223
BLR,21-09-2025,9710,5158,4552
GOI,13-08-2025,35762,32711,3051
HYD,14-05-2025,19226,7368,11858
HYD,06-04-2025,30784,18065,12719
HYD,04-02-2025,45661,38975,6686
AMD,19-10-2025,37062,30414,6648
CCU,25-06-2025,49885,39899,9986
AMD,01-01-2025,38179,23821,14358
CCU,27-06-2025,36136,29070,7066
GOI,25-11-2025,10020,9342,678
DEL,14-09-2025,8893,3948,4945
CCU,10-02-2025,13642,11477,2165
DEL,01-06-2025,30635,27440,3195
COK,15-08-2025,55579,42211,13368
DEL,05-10-2025,35342,23377,11965
MAA,10-09-2025,10794,4156,6638
COK,18-04-2025,35016,34070,946
GOI,28-03-2025,23252,14589,8663
DEL,30-09-2025,19810,16656,3154
GOI,29-06-2025,23753,21504,2249
PNQ,10-06-2025,31125,27191,3934
BOM,09-11-2025,45408,37230,8178
DEL,10-11-2025,49624,44026,5598
BOM,16-12-2025,21991,13878,8113
PNQ,10-01-2025,27315,19390,7925
HYD,05-09-2025,41266,29069,12197
BLR,16-01-2025,35484,30212,5272
AMD,27-06-2025,21471,15157,6314
MAA,21-03-2025,39148,24913,14235
COK,28-01-2025,47182,35499,11683
COK,24-06-2025,40199,32189,8010
MAA,09-09-2025,31344,21321,10023
BOM,16-08-2025,17370,9626,7744
GOI,10-09-2025,38810,31535,7275
BLR,29-10-2025,29149,14991,14158
DEL,21-05-2025,35978,28215,7763
CCU,23-01-2025,6483,4572,1911
BLR,30-06-2025,48581,38129,10452
BOM,22-12-2025,45543,37521,8022
MAA,06-07-2025,52232,43620,8612
HYD,31-08-2025,8759,2435,6324
HYD,29-10-2025,44130,42421,1709
COK,18-03-2025,50974,42423,8551
COK,04-05-2025,28195,15242,12953
PNQ,21-11-2025,35901,24785,11116
BLR,04-12-2025,26566,20639,5927
DEL,13-03-2025,26711,24192,2519
AMD,23-12-2025,18450,11836,6614
CCU,15-07-2025,51419,40204,11215
BOM,25-03-2025,40929,37555,3374
BLR,20-02-2025,48132,41277,6855
BOM,10-08-2025,52321,40211,12110
CCU,25-08-2025,26379,19401,6978
COK,03-08-2025,53088,42111,10977
BOM,10-04-2025,45894,34037,11857
MAA,05-06-2025,48618,34873,13745
DEL,09-07-2025,19936,13614,6322
BLR,28-09-2025,33958,19973,13985
PNQ,24-01-2025,21649,13009,8640
COK,16-12-2025,16974,7041,9933
AMD,05-04-2025,43245,33558,9687
DEL,05-09-2025,43690,28848,14842
HYD,25-06-2025,34650,31284,3366
PNQ,03-01-2025,37540,26105,11435
GOI,05-05-2025,11191,9708,1483
DEL,20-02-2025,47911,43387,4524
DEL,29-03-2025,48340,34528,13812
AMD,20-11-2025,38102,29349,8753
CCU,23-02-2025,32424,29750,2674
BOM,08-01-2025,21306,8077,13229
BLR,19-02-2025,11582,8617,2965
GOI,29-09-2025,12907,11296,1611
HYD,27-01-2025,33501,22207,11294
PNQ,19-07-2025,15967,8168,7799
DEL,06-02-2025,33541,32122,1419
CCU,26-03-2025,13944,9009,4935
DEL,21-06-2025,46981,43117,3864
BLR,06-12-2025,19657,5079,14578
HYD,08-10-2025,26856,12789,14067
BOM,27-09-2025,50500,44863,5637
MAA,12-08-2025,15830,9087,6743
BOM,06-02-2025,11342,8524,2818
BLR,19-04-2025,43777,31353,12424
COK,02-12-2025,44514,42457,2057
HYD,23-02-2025,39968,29113,10855
HYD,09-06-2025,31048,19120,11928
CCU,23-04-2025,32721,21007,11714
HYD,14-08-2025,21824,14324,7500
COK,18-03-2025,49360,39523,9837
CCU,28-12-2025,25194,13312,11882
BOM,23-03-2025,18337,7673,10664
DEL,09-04-2025,45059,41984,3075
AMD,10-08-2025,48187,35598,12589
AMD,04-04-2025,31562,16906,14656
CCU,30-11-2025,46138,35179,10959
BLR,15-03-2025,21023,7658,13365
CCU,08-03-2025,31279,28218,3061
CCU,22-05-2025,45883,43424,2459
MAA,24-07-2025,36481,23597,12884
COK,02-06-2025,41836,33000,8836
MAA,30-10-2025,50593,40683,9910
GOI,04-11-2025,29262,22195,7067
BOM,06-02-2025,26252,18831,7421
CCU,15-02-2025,26856,22310,4546
BLR,23-05-2025,42845,33241,9604
HYD,06-02-2025,52355,38374,13981
AMD,13-11-2025,40262,27362,12900
HYD,20-01-2025,32909,21367,11542
GOI,12-07-2025,38104,23439,14665
BOM,05-02-2025,30176,18749,11427
GOI,08-11-2025,7359,2609,4750
BOM,06-12-2025,45123,39115,6008
CCU,08-06-2025,25507,22712,2795
BOM,22-05-2025,33516,22597,10919
CCU,23-02-2025,31966,20782,11184
MAA,10-05-2025,34664,20338,14326
COK,12-07-2025,26273,14682,11591
PNQ,08-12-2025,21963,9143,12820
AMD,03-12-2025,42609,29072,13537
COK,10-05-2025,24649,22914,1735
DEL,21-08-2025,46130,40115,6015
COK,16-06-2025,32494,30299,2195
BOM,02-06-2025,43516,39278,4238
MAA,17-05-2025,26391,14811,11580
PNQ,01-04-2025,32519,22525,9994
MAA,22-06-2025,23485,12167,11318
DEL,18-07-2025,24015,13237,10778
COK,26-10-2025,28676,27854,822
MAA,25-12-2025,27616,14441,13175
BOM,16-08-2025,11685,7436,4249
AMD,25-02-2025,30850,17900,12950
GOI,11-10-2025,31368,23297,8071
MAA,05-02-2025,10376,8154,2222
BOM,25-10-2025,18945,6236,12709
AMD,21-05-2025,26477,13658,12819
CCU,09-12-2025,57990,44197,13793
PNQ,07-05-2025,16011,2618,13393
HYD,17-11-2025,31956,30171,1785
DEL,29-12-2025,11712,10332,1380
BLR,19-09-2025,45494,42252,3242
COK,08-04-2025,47478,43186,4292
COK,22-12-2025,27045,16852,10193
BOM,11-09-2025,23106,15580,7526
CCU,05-07-2025,11958,2506,9452
COK,15-08-2025,28080,25337,2743
BLR,25-11-2025,9235,6795,2440
DEL,07-12-2025,36251,31076,5175
MAA,23-10-2025,28216,22200,6016
AMD,23-09-2025,33184,22546,10638
HYD,05-07-2025,26400,17693,8707
MAA,25-09-2025,39971,31817,8154
GOI,21-03-2025,18497,4505,13992
DEL,01-01-2025,16362,6595,9767
DEL,29-11-2025,21169,10808,10361
PNQ,04-10-2025,35577,26522,9055
DEL,24-10-2025,49560,37606,11954
DEL,07-01-2025,45951,41960,3991
GOI,26-12-2025,13802,5557,8245
CCU,14-03-2025,39410,33995,5415
BOM,28-07-2025,16761,11555,5206
BLR,17-01-2025,24610,13193,11417
MAA,02-07-2025,34584,20595,13989
AMD,31-10-2025,42155,32867,9288
COK,06-04-2025,19119,8821,10298
HYD,27-05-2025,42826,39075,3751
BLR,09-12-2025,48778,33906,14872
BLR,24-11-2025,15671,10116,5555
BLR,16-06-2025,50862,44846,6016
HYD,13-11-2025,17443,13689,3754
MAA,07-01-2025,15580,12020,3560
HYD,18-11-2025,34655,20111,14544
AMD,09-12-2025,38788,33101,5687
PNQ,13-03-2025,39746,27311,12435
PNQ,20-01-2025,26923,14517,12406
GOI,23-07-2025,53513,40854,12659
MAA,28-12-2025,29220,16644,12576
GOI,05-10-2025,13367,6610,6757
CCU,20-06-2025,18737,17368,1369
BOM,02-03-2025,25258,21684,3574
HYD,25-09-2025,30196,17728,12468
AMD,25-06-2025,13291,3395,9896
COK,25-06-2025,15894,8825,7069
PNQ,05-10-2025,39607,29747,9860
BLR,27-03-2025,44208,35812,8396
BLR,31-03-2025,35662,22394,13268
HYD,19-12-2025,32875,22863,10012
MAA,27-02-2025,9820,2739,7081
DEL,25-03-2025,52473,40438,12035
AMD,18-01-2025,6291,2753,3538
BLR,03-07-2025,47433,39513,7920
DEL,04-09-2025,12427,11024,1403
BOM,27-11-2025,57436,44203,13233
MAA,06-08-2025,47861,35657,12204
COK,23-09-2025,25736,12460,13276
AMD,30-07-2025,57011,43472,13539
PNQ,17-05-2025,14670,5580,9090
COK,12-04-2025,41771,34829,6942
AMD,27-12-2025,46279,39621,6658
HYD,15-11-2025,48879,41562,7317
PNQ,20-08-2025,24864,12813,12051
HYD,08-12-2025,51398,36835,14563
PNQ,11-11-2025,26915,15709,11206
CCU,14-04-2025,26655,15513,11142
MAA,26-04-2025,39895,29510,10385
GOI,25-09-2025,21807,16787,5020
DEL,09-11-2025,26994,22195,4799
DEL,01-07-2025,37488,35333,2155
DEL,26-03-2025,13025,8977,4048
BLR,09-03-2025,47915,41543,6372
CCU,28-04-2025,11157,8100,3057
BLR,28-01-2025,19644,18473,1171
DEL,08-10-2025,15434,9028,6406
CCU,19-09-2025,21641,7170,14471
BLR,20-03-2025,19406,10017,9389
COK,01-09-2025,40398,30882,9516
BOM,29-12-2025,53869,38873,14996
PNQ,03-04-2025,11278,7599,3679
PNQ,04-02-2025,48167,36343,11824
PNQ,04-02-2025,55994,41257,14737
BLR,18-01-2025,16178,13268,2910
CCU,16-08-2025,40872,31070,9802
CCU,27-04-2025,12103,11352,751
COK,26-02-2025,51442,44114,7328
BOM,04-10-2025,34103,27759,6344
AMD,20-02-2025,37425,24905,12520
GOI,22-02-2025,37395,23920,13475
CCU,20-11-2025,24644,15431,9213
COK,30-05-2025,28972,18742,10230
CCU,28-01-2025,28217,21094,7123
GOI,26-02-2025,44699,34373,10326
AMD,17-08-2025,8834,7933,901
PNQ,30-09-2025,38584,27608,10976
GOI,22-10-2025,22272,21410,862
PNQ,05-02-2025,45651,31325,14326
PNQ,16-12-2025,8142,4995,3147
PNQ,27-08-2025,29616,29028,588
GOI,12-01-2025,7230,6042,1188
PNQ,16-04-2025,39922,36540,3382
PNQ,08-05-2025,30928,29490,1438
BLR,11-06-2025,49875,41142,8733
BLR,24-02-2025,26663,19109,7554
BOM,12-10-2025,7304,3779,3525
PNQ,28-06-2025,33218,20630,12588
GOI,27-10-2025,22917,17597,5320
AMD,30-04-2025,52655,43904,8751
DEL,13-02-2025,18982,7800,11182
CCU,27-11-2025,45366,31297,14069
AMD,05-07-2025,7058,2783,4275
AMD,31-08-2025,39594,35521,4073
DEL,09-11-2025,52742,40726,12016
MAA,26-01-2025,49129,38546,10583
BOM,08-01-2025,30878,28847,2031
HYD,13-12-2025,34845,22838,12007
HYD,14-04-2025,24906,17551,7355
MAA,08-08-2025,18676,15238,3438
AMD,06-03-2025,27672,23845,3827
HYD,17-12-2025,19017,8249,10768
BLR,21-04-2025,25086,23631,1455
HYD,02-01-2025,54545,41000,13545
GOI,26-01-2025,52094,38848,13246
MAA,08-06-2025,21573,16676,4897
AMD,04-03-2025,29328,21405,7923
DEL,30-06-2025,27211,13366,13845
BOM,20-05-2025,29962,20402,9560
BOM,09-03-2025,7985,5385,2600
GOI,28-01-2025,33531,21600,11931
AMD,04-05-2025,38280,33170,5110
MAA,14-01-2025,24687,19041,5646
BLR,23-05-2025,23759,9117,14642
GOI,03-04-2025,37258,34458,2800
DEL,24-07-2025,58386,44704,13682
CCU,12-10-2025,10349,5508,4841
PNQ,08-06-2025,36702,31079,5623
BOM,26-03-2025,26960,25372,1588
MAA,26-12-2025,17867,13529,4338
PNQ,18-04-2025,19568,17549,2019
CCU,15-07-2025,41200,38509,2691
COK,09-04-2025,38450,24665,13785
GOI,27-03-2025,44161,33711,10450
BLR,20-05-2025,42287,38907,3380
AMD,17-12-2025,43109,39677,3432
CCU,17-07-2025,21143,18786,2357
AMD,05-12-2025,47522,38190,9332
DEL,13-10-2025,49009,39018,9991
MAA,15-10-2025,32176,18552,13624
CCU,15-07-2025,50497,43374,7123
DEL,17-05-2025,32662,31515,1147
COK,16-12-2025,19425,13768,5657
BOM,10-07-2025,16712,15351,1361
PNQ,22-06-2025,47373,34179,13194
CCU,06-04-2025,30950,22232,8718
CCU,21-10-2025,51636,39466,12170
CCU,04-04-2025,29780,28258,1522
CCU,12-02-2025,34924,30101,4823
AMD,11-01-2025,34654,33703,951
BLR,07-10-2025,33039,25412,7627
BLR,07-04-2025,30982,21197,9785
DEL,11-10-2025,12729,6516,6213
PNQ,14-02-2025,30938,25115,5823
BLR,30-11-2025,37701,33620,4081
COK,30-05-2025,24407,19068,5339
AMD,28-05-2025,34532,25712,8820
GOI,29-07-2025,42085,34425,7660
GOI,09-02-2025,38434,33556,4878
HYD,21-10-2025,27879,27280,599
DEL,17-01-2025,18288,14747,3541
HYD,14-02-2025,29198,16289,12909
CCU,27-06-2025,55602,41881,13721
CCU,22-07-2025,26435,13916,12519
CCU,22-04-2025,46043,34614,11429
BOM,06-12-2025,38548,34739,3809
BLR,11-10-2025,48541,43309,5232
HYD,03-10-2025,9454,4776,4678
BOM,03-05-2025,24986,20319,4667
PNQ,12-10-2025,49999,35380,14619
CCU,05-04-2025,45729,35722,10007
BOM,20-07-2025,22926,18250,4676
PNQ,21-12-2025,15711,11136,4575
GOI,17-09-2025,27368,26353,1015
GOI,26-06-2025,39981,36550,3431
PNQ,14-02-2025,31854,29184,2670
DEL,19-09-2025,34478,28561,5917
HYD,19-07-2025,16853,7146,9707
DEL,14-02-2025,27654,17227,10427
GOI,27-06-2025,45531,44007,1524
DEL,23-03-2025,18444,13179,5265
DEL,27-10-2025,54169,44125,10044
DEL,22-08-2025,51814,37497,14317
CCU,27-10-2025,22415,10440,11975
CCU,24-03-2025,44646,39548,5098
PNQ,07-10-2025,27160,13159,14001
GOI,30-05-2025,14986,11794,3192
GOI,12-03-2025,22486,9244,13242
CCU,25-10-2025,16345,11261,5084
AMD,16-08-2025,10980,5240,5740
DEL,17-11-2025,45976,34346,11630
DEL,19-08-2025,51186,38121,13065
AMD,02-08-2025,41568,36436,5132
GOI,30-11-2025,40938,26582,14356
DEL,25-08-2025,9882,2550,7332
MAA,03-09-2025,17651,4860,12791
CCU,28-10-2025,51665,39622,12043
DEL,20-03-2025,42180,37544,4636
MAA,15-11-2025,30849,27919,2930
PNQ,05-04-2025,20507,9286,11221
BLR,06-06-2025,38757,30999,7758
CCU,03-02-2025,23381,13995,9386
GOI,24-07-2025,34182,20092,14090
CCU,03-08-2025,29307,23743,5564
COK,14-11-2025,17853,8628,9225
MAA,19-08-2025,33000,22505,10495
COK,31-08-2025,27369,26832,537
HYD,28-04-2025,52537,43051,9486
MAA,04-04-2025,17286,14547,2739
DEL,27-03-2025,6416,2160,4256
HYD,23-05-2025,21923,19426,2497
BLR,29-06-2025,48887,44862,4025
HYD,18-09-2025,9566,8720,846
GOI,04-04-2025,21067,12893,8174
AMD,05-08-2025,22224,20119,2105
AMD,18-03-2025,57704,44221,13483
COK,19-08-2025,43322,42491,831
PNQ,28-06-2025,48525,40714,7811
AMD,21-03-2025,23408,21018,2390
PNQ,06-04-2025,33726,29051,4675
MAA,05-06-2025,55712,41502,14210
AMD,05-06-2025,43997,35167,8830
BOM,13-12-2025,20028,10277,9751
COK,16-04-2025,56727,44595,12132
AMD,27-04-2025,45830,41636,4194
BLR,30-04-2025,34680,32137,2543
MAA,18-02-2025,55003,44520,10483
AMD,04-09-2025,26384,19132,7252
HYD,09-08-2025,22179,14662,7517
AMD,24-07-2025,32146,27893,4253
COK,18-11-2025,36113,32403,3710
PNQ,18-05-2025,30589,17037,13552
AMD,23-11-2025,28912,15801,13111
CCU,09-11-2025,40395,37624,2771
HYD,03-03-2025,44973,37737,7236
COK,24-01-2025,22948,16409,6539
BOM,23-11-2025,29282,24251,5031
PNQ,02-12-2025,20723,6256,14467
AMD,13-06-2025,17585,7772,9813
MAA,27-03-2025,51083,36115,14968
BLR,16-02-2025,48899,39515,9384
PNQ,08-07-2025,41899,40815,1084
BLR,26-03-2025,29795,22224,7571
PNQ,19-01-2025,48156,33706,14450
HYD,11-03-2025,19121,11576,7545
DEL,16-11-2025,33728,31028,2700
BLR,17-05-2025,40649,27476,13173
PNQ,25-04-2025,22845,22072,773
COK,24-12-2025,3951,2475,1476
COK,14-07-2025,18980,9957,9023
HYD,01-05-2025,49826,42475,7351
BOM,27-01-2025,32978,23503,9475
CCU,13-05-2025,28550,18620,9930
BLR,14-10-2025,41396,27431,13965
CCU,22-11-2025,52346,38463,13883
AMD,26-07-2025,17386,2840,14546
MAA,25-10-2025,14596,5291,9305
PNQ,06-01-2025,37246,33765,3481
HYD,18-09-2025,29492,15599,13893
HYD,21-06-2025,26910,22111,4799
BLR,31-01-2025,17072,10410,6662
COK,08-09-2025,43125,33133,9992
GOI,30-07-2025,36471,25250,11221
BLR,10-01-2025,28424,15001,13423
PNQ,25-01-2025,38242,25968,12274
CCU,09-09-2025,8123,4139,3984
CCU,04-07-2025,47470,34440,13030
AMD,06-09-2025,24256,15490,8766
AMD,20-04-2025,45454,34893,10561
PNQ,05-12-2025,47060,38257,8803
MAA,18-11-2025,47124,42387,4737
MAA,03-02-2025,40634,28337,12297
AMD,04-11-2025,29146,20783,8363
BOM,27-11-2025,8035,5231,2804
DEL,28-06-2025,26653,23529,3124
DEL,30-03-2025,39219,31363,7856
BLR,05-02-2025,47341,39384,7957
AMD,30-10-2025,27811,26740,1071
PNQ,22-04-2025,44055,30230,13825
HYD,29-12-2025,57044,42242,14802
AMD,21-09-2025,41111,34809,6302
PNQ,08-04-2025,41570,36227,5343
HYD,28-07-2025,27095,18069,9026
PNQ,14-09-2025,39740,36709,3031
GOI,08-07-2025,57456,42614,14842
BOM,21-09-2025,18451,5371,13080
PNQ,16-03-2025,45771,38877,6894
COK,28-03-2025,37096,29015,8081
MAA,27-01-2025,38420,35121,3299
MAA,18-09-2025,50958,43051,7907
COK,14-09-2025,31438,24808,6630
COK,01-06-2025,18559,7622,10937
BOM,13-08-2025,40780,39333,1447
DEL,16-12-2025,53914,44408,9506
COK,09-03-2025,46516,37315,9201
GOI,04-04-2025,11351,2214,9137
HYD,26-10-2025,30651,23067,7584
COK,28-11-2025,34515,24682,9833
CCU,28-05-2025,43276,35807,7469
AMD,23-12-2025,16547,8324,8223
PNQ,21-08-2025,16673,9768,6905
COK,16-03-2025,24290,12295,11995
COK,12-03-2025,14034,6985,7049
BOM,28-03-2025,51224,41345,9879
MAA,21-01-2025,18486,16712,1774
AMD,19-12-2025,18249,8527,9722
DEL,11-12-2025,9569,6751,2818
DEL,09-04-2025,51573,43600,7973
MAA,05-11-2025,36036,24192,11844
COK,17-10-2025,24579,17909,6670
PNQ,03-10-2025,27938,24554,3384
HYD,17-06-2025,34830,32304,2526
AMD,22-08-2025,16170,12096,4074
HYD,24-04-2025,29204,20912,8292
BOM,08-02-2025,44570,29735,14835
COK,21-05-2025,46830,34623,12207
GOI,28-11-2025,59360,44980,14380
DEL,07-08-2025,28769,16369,12400
CCU,21-05-2025,33738,23403,10335
BLR,21-07-2025,42174,31271,10903
GOI,17-09-2025,40449,39418,1031
BOM,09-07-2025,30383,22814,7569
AMD,01-03-2025,10435,7594,2841
BLR,28-06-2025,46310,40644,5666
CCU,04-02-2025,46248,38231,8017
DEL,02-08-2025,19937,6221,13716
CCU,06-07-2025,18559,14931,3628
BLR,25-01-2025,31540,26891,4649
DEL,27-02-2025,17483,16796,687
BLR,05-03-2025,17913,7626,10287
DEL,14-12-2025,50692,37426,13266
GOI,21-09-2025,22981,17067,5914
GOI,15-07-2025,54532,43202,11330
AMD,19-12-2025,44069,30200,13869
HYD,13-04-2025,24954,12091,12863
HYD,02-03-2025,33166,26516,6650
BLR,16-05-2025,53259,39453,13806
MAA,13-10-2025,27983,23673,4310
MAA,11-04-2025,35451,21350,14101
DEL,21-04-2025,17054,2642,14412
GOI,21-10-2025,39691,34343,5348
BOM,11-06-2025,18186,15843,2343
BLR,12-11-2025,17599,3714,13885
DEL,09-06-2025,57692,44221,13471
CCU,19-09-2025,27730,19322,8408
HYD,07-06-2025,19620,16888,2732
BOM,02-10-2025,42434,30911,11523
GOI,02-05-2025,30787,23458,7329
BLR,27-06-2025,41456,28588,12868
PNQ,02-11-2025,8054,5831,2223
CCU,19-11-2025,5655,3506,2149
MAA,30-04-2025,30037,15063,14974
BOM,26-06-2025,26176,12000,14176
GOI,28-07-2025,44354,29659,14695
BLR,24-11-2025,56108,43981,12127
PNQ,14-01-2025,42945,41038,1907
BOM,26-10-2025,25294,21637,3657
PNQ,25-06-2025,51318,41566,9752
COK,14-08-2025,12209,5952,6257
BLR,28-04-2025,24054,13725,10329
COK,22-05-2025,21999,17149,4850
PNQ,19-10-2025,14650,6370,8280
COK,25-08-2025,49488,41045,8443
BOM,07-03-2025,18476,4995,13481
